"url","gsc_reason","last_crawled","url_type","current_local_source_expected_route","current_live_production_status","redirect_chain","redirect_hops","final_destination","final_status","robots_allowed","meta_robots","x_robots_tag","declared_canonical","expected_canonical","in_live_sitemap","in_local_sitemap","internal_links_pointing_to_url","live_content_type","live_title","live_h1","local_canonical","local_meta_robots","local_title","local_h1","should_index","required_action","confidence","fetch_error"
"https://sashabd.com/control-systems/pa-system/compact-classroom-pa-system-teacher-voice-support/","Page with redirect","2026-08-05","LEGACY URL","out/control-systems/pa-system/compact-classroom-pa-system-teacher-voice-support/index.html","301","https://sashabd.com/control-systems/pa-system/compact-classroom-pa-system-teacher-voice-support/ [301] -> https://sashabd.com/pa-system/compact-classroom-pa-system-teacher-voice-support/ | https://sashabd.com/pa-system/compact-classroom-pa-system-teacher-voice-support/ [200]","1","https://sashabd.com/pa-system/compact-classroom-pa-system-teacher-voice-support/","200","true","index, follow","","https://sashabd.com/pa-system/compact-classroom-pa-system-teacher-voice-support/","https://sashabd.com/pa-system/compact-classroom-pa-system-teacher-voice-support/","false","false","0","text/html","Compact Classroom PA System – Teacher Voice Support","Compact Classroom PA System – Teacher Voice Support","https://sashabd.com/pa-system/compact-classroom-pa-system-teacher-voice-support/","noindex, follow","Sasha Corporation","","INTENTIONAL REDIRECT","KEEP - VALID INTENTIONAL REDIRECT","HIGH",""
"https://sashabd.com/control-systems/pa-system/digital-control-pa-system-audio-matrix-dsp/","Page with redirect","2026-08-05","LEGACY URL","out/control-systems/pa-system/digital-control-pa-system-audio-matrix-dsp/index.html","301","https://sashabd.com/control-systems/pa-system/digital-control-pa-system-audio-matrix-dsp/ [301] -> https://sashabd.com/pa-system/digital-control-pa-system-audio-matrix-dsp/ | https://sashabd.com/pa-system/digital-control-pa-system-audio-matrix-dsp/ [200]","1","https://sashabd.com/pa-system/digital-control-pa-system-audio-matrix-dsp/","200","true","index, follow","","https://sashabd.com/pa-system/digital-control-pa-system-audio-matrix-dsp/","https://sashabd.com/pa-system/digital-control-pa-system-audio-matrix-dsp/","false","false","0","text/html","Digital Control PA System – Audio Matrix &amp; DSP","Digital Control PA System – Audio Matrix &amp; DSP","https://sashabd.com/pa-system/digital-control-pa-system-audio-matrix-dsp/","noindex, follow","Sasha Corporation","","INTENTIONAL REDIRECT","KEEP - VALID INTENTIONAL REDIRECT","HIGH",""
"https://sashabd.com/led-display/accessories","Page with redirect","2026-08-05","LEGACY URL","out/led-display/accessories/index.html","301","https://sashabd.com/led-display/accessories [301] -> https://sashabd.com/led-display/accessories/ | https://sashabd.com/led-display/accessories/ [200]","1","https://sashabd.com/led-display/accessories/","200","true","index, follow | index, follow, max-video-preview:-1, max-image-preview:large, max-snippet:-1","","https://sashabd.com/led-display/accessories/","https://sashabd.com/led-display/accessories/","false","false","0","text/html","LED Display Accessories in Bangladesh | Controller &amp; PSU","LED Display Accessories in Bangladesh","https://sashabd.com/led-display/accessories/","index, follow | index, follow, max-video-preview:-1, max-image-preview:large, max-snippet:-1","LED Display Accessories in Bangladesh | Controller &amp; PSU","LED Display Accessories in Bangladesh","INTENTIONAL REDIRECT","KEEP - VALID INTENTIONAL REDIRECT","HIGH",""
"https://sashabd.com/products/accessories/","Page with redirect","2026-08-05","LEGACY URL","out/products/accessories/index.html","301","https://sashabd.com/products/accessories/ [301] -> https://sashabd.com/led-display/accessories/ | https://sashabd.com/led-display/accessories/ [200]","1","https://sashabd.com/led-display/accessories/","200","true","index, follow | index, follow, max-video-preview:-1, max-image-preview:large, max-snippet:-1","","https://sashabd.com/led-display/accessories/","https://sashabd.com/led-display/","false","false","0","text/html","LED Display Accessories in Bangladesh | Controller &amp; PSU","LED Display Accessories in Bangladesh","https://sashabd.com/led-display/","noindex, follow","Products | Sasha Corporation","","INTENTIONAL REDIRECT","KEEP - VALID INTENTIONAL REDIRECT","HIGH",""
"https://sashabd.com/led-display/rental-display/p3-91-rental-led-display","Page with redirect","2026-08-05","LEGACY URL","out/led-display/rental-display/p3-91-rental-led-display/index.html","301","https://sashabd.com/led-display/rental-display/p3-91-rental-led-display [301] -> https://sashabd.com/led-display/rental-display/p3-91-rental-led-display/ | https://sashabd.com/led-display/rental-display/p3-91-rental-led-display/ [200]","1","https://sashabd.com/led-display/rental-display/p3-91-rental-led-display/","200","true","index, follow","","https://sashabd.com/led-display/rental-display/p3-91-rental-led-display/","https://sashabd.com/led-display/rental-display/p3-91-rental-led-display/","false","false","0","text/html","P3.91 Rental LED Screen","P3.91 Rental LED Display","https://sashabd.com/led-display/rental-display/p3-91-rental-led-display/","index, follow","P3.91 Rental LED Screen","P3.91 Rental LED Display","INTENTIONAL REDIRECT","KEEP - VALID INTENTIONAL REDIRECT","HIGH",""
"http://sashabd.com/","Page with redirect","2026-08-05","LEGACY URL","out/index.html","301","http://sashabd.com/ [301] -> https://sashabd.com/ | https://sashabd.com/ [200]","1","https://sashabd.com/","200","true","index, follow | index, follow, max-video-preview:-1, max-image-preview:large, max-snippet:-1","","https://sashabd.com/","https://sashabd.com/","false","false","0","text/html","Sasha Corporation","Sasha Corporation - Smart technology solutions in Bangladesh","https://sashabd.com/","index, follow | index, follow, max-video-preview:-1, max-image-preview:large, max-snippet:-1","Sasha Corporation","Sasha Corporation - Smart technology solutions in Bangladesh","INTENTIONAL REDIRECT","KEEP - VALID INTENTIONAL REDIRECT","HIGH",""
"http://www.sashabd.com/","Page with redirect","2026-08-05","LEGACY URL","out/index.html","301","http://www.sashabd.com/ [301] -> https://sashabd.com/ | https://sashabd.com/ [200]","1","https://sashabd.com/","200","true","index, follow | index, follow, max-video-preview:-1, max-image-preview:large, max-snippet:-1","","https://sashabd.com/","https://sashabd.com/","false","false","0","text/html","Sasha Corporation","Sasha Corporation - Smart technology solutions in Bangladesh","https://sashabd.com/","index, follow | index, follow, max-video-preview:-1, max-image-preview:large, max-snippet:-1","Sasha Corporation","Sasha Corporation - Smart technology solutions in Bangladesh","INTENTIONAL REDIRECT","KEEP - VALID INTENTIONAL REDIRECT","HIGH",""
"https://sashabd.com/control-systems/pa-system/compact-portable-pa-system-100w-2-wireless-mic/","Page with redirect","2026-08-05","LEGACY URL","out/control-systems/pa-system/compact-portable-pa-system-100w-2-wireless-mic/index.html","301","https://sashabd.com/control-systems/pa-system/compact-portable-pa-system-100w-2-wireless-mic/ [301] -> https://sashabd.com/pa-system/compact-portable-pa-system-100w-2-wireless-mic/ | https://sashabd.com/pa-system/compact-portable-pa-system-100w-2-wireless-mic/ [200]","1","https://sashabd.com/pa-system/compact-portable-pa-system-100w-2-wireless-mic/","200","true","index, follow","","https://sashabd.com/pa-system/compact-portable-pa-system-100w-2-wireless-mic/","https://sashabd.com/pa-system/compact-portable-pa-system-100w-2-wireless-mic/","false","false","0","text/html","Compact Portable PA System (100W, 2 Wireless Mic)","Compact Portable PA System (100W, 2 Wireless Mic)","https://sashabd.com/pa-system/compact-portable-pa-system-100w-2-wireless-mic/","noindex, follow","Sasha Corporation","","INTENTIONAL REDIRECT","KEEP - VALID INTENTIONAL REDIRECT","HIGH",""
"https://sashabd.com/led-display/indoor/p3-076-indoor-led-display/","Page with redirect","2026-08-04","LEGACY URL","out/led-display/indoor/p3-076-indoor-led-display/index.html","301","https://sashabd.com/led-display/indoor/p3-076-indoor-led-display/ [301] -> https://sashabd.com/led-display/indoor-led/p3-076-indoor-led-display/ | https://sashabd.com/led-display/indoor-led/p3-076-indoor-led-display/ [200]","1","https://sashabd.com/led-display/indoor-led/p3-076-indoor-led-display/","200","true","index, follow","","https://sashabd.com/led-display/indoor-led/p3-076-indoor-led-display/","","false","false","0","text/html","P3.076 Indoor LED Module","P3.076 Indoor LED Display Module","","index, follow | index, follow, max-video-preview:-1, max-image-preview:large, max-snippet:-1","LED Display | Bangladesh","","INTENTIONAL REDIRECT","KEEP - VALID INTENTIONAL REDIRECT","HIGH",""
"https://sashabd.com/control-systems/pa-system/wired-gooseneck-paging-microphone/","Page with redirect","2026-08-04","LEGACY URL","out/control-systems/pa-system/wired-gooseneck-paging-microphone/index.html","301","https://sashabd.com/control-systems/pa-system/wired-gooseneck-paging-microphone/ [301] -> https://sashabd.com/pa-system/wired-gooseneck-paging-microphone/ | https://sashabd.com/pa-system/wired-gooseneck-paging-microphone/ [200]","1","https://sashabd.com/pa-system/wired-gooseneck-paging-microphone/","200","true","index, follow","","https://sashabd.com/pa-system/wired-gooseneck-paging-microphone/","https://sashabd.com/pa-system/wired-gooseneck-paging-microphone/","false","false","0","text/html","Wired Gooseneck Paging Microphone","Wired Gooseneck Paging Microphone","https://sashabd.com/pa-system/wired-gooseneck-paging-microphone/","noindex, follow","Sasha Corporation","","INTENTIONAL REDIRECT","KEEP - VALID INTENTIONAL REDIRECT","HIGH",""
"https://sashabd.com/led-display/indoor-led/p2-5-indoor-led-display","Page with redirect","2026-08-04","LEGACY URL","out/led-display/indoor-led/p2-5-indoor-led-display/index.html","301","https://sashabd.com/led-display/indoor-led/p2-5-indoor-led-display [301] -> https://sashabd.com/led-display/indoor-led/p2-5-indoor-led-display/ | https://sashabd.com/led-display/indoor-led/p2-5-indoor-led-display/ [200]","1","https://sashabd.com/led-display/indoor-led/p2-5-indoor-led-display/","200","true","index, follow","","https://sashabd.com/led-display/indoor-led/p2-5-indoor-led-display/","https://sashabd.com/led-display/indoor-led/p2-5-indoor-led-display/","false","false","0","text/html","P2.5 Indoor LED Module","P2.5 Indoor LED Display Module","https://sashabd.com/led-display/indoor-led/p2-5-indoor-led-display/","index, follow","P2.5 Indoor LED Module","P2.5 Indoor LED Display Module","INTENTIONAL REDIRECT","KEEP - VALID INTENTIONAL REDIRECT","HIGH",""
"https://sashabd.com/control-systems/pa-system/dante-network-audio-system-core-io-interface/","Page with redirect","2026-08-04","LEGACY URL","out/control-systems/pa-system/dante-network-audio-system-core-io-interface/index.html","301","https://sashabd.com/control-systems/pa-system/dante-network-audio-system-core-io-interface/ [301] -> https://sashabd.com/pa-system/dante-network-audio-system-core-io-interface/ | https://sashabd.com/pa-system/dante-network-audio-system-core-io-interface/ [200]","1","https://sashabd.com/pa-system/dante-network-audio-system-core-io-interface/","200","true","index, follow","","https://sashabd.com/pa-system/dante-network-audio-system-core-io-interface/","https://sashabd.com/pa-system/dante-network-audio-system-core-io-interface/","false","false","0","text/html","Dante Network Audio System – Core &amp; I/O Interface","Dante Network Audio System – Core &amp; I/O Interface","https://sashabd.com/pa-system/dante-network-audio-system-core-io-interface/","noindex, follow","Sasha Corporation","","INTENTIONAL REDIRECT","KEEP - VALID INTENTIONAL REDIRECT","HIGH",""
"https://sashabd.com/control-systems/digital-podium/premium-digital-podium-interactive-touch-display/","Page with redirect","2026-08-04","LEGACY URL","out/control-systems/digital-podium/premium-digital-podium-interactive-touch-display/index.html","301","https://sashabd.com/control-systems/digital-podium/premium-digital-podium-interactive-touch-display/ [301] -> https://sashabd.com/digital-podium/premium-digital-podium-interactive-touch-display/ | https://sashabd.com/digital-podium/premium-digital-podium-interactive-touch-display/ [200]","1","https://sashabd.com/digital-podium/premium-digital-podium-interactive-touch-display/","200","true","index, follow","","https://sashabd.com/digital-podium/premium-digital-podium-interactive-touch-display/","https://sashabd.com/digital-podium/premium-digital-podium-interactive-touch-display/","false","false","0","text/html","Premium Digital Podium with Interactive Touch Display","Premium Digital Podium with Interactive Touch Display","https://sashabd.com/digital-podium/premium-digital-podium-interactive-touch-display/","noindex, follow","Sasha Corporation","","INTENTIONAL REDIRECT","KEEP - VALID INTENTIONAL REDIRECT","HIGH",""
"https://sashabd.com/led-display/rental-display/p3-rental-led-display","Page with redirect","2026-08-04","LEGACY URL","out/led-display/rental-display/p3-rental-led-display/index.html","301","https://sashabd.com/led-display/rental-display/p3-rental-led-display [301] -> https://sashabd.com/led-display/rental-display/p3-rental-led-display/ | https://sashabd.com/led-display/rental-display/p3-rental-led-display/ [200]","1","https://sashabd.com/led-display/rental-display/p3-rental-led-display/","200","true","index, follow","","https://sashabd.com/led-display/rental-display/p3-rental-led-display/","https://sashabd.com/led-display/rental-display/p3-rental-led-display/","false","false","0","text/html","P3 Rental LED Screen","P3 Rental LED Display","https://sashabd.com/led-display/rental-display/p3-rental-led-display/","index, follow","P3 Rental LED Screen","P3 Rental LED Display","INTENTIONAL REDIRECT","KEEP - VALID INTENTIONAL REDIRECT","HIGH",""
"https://sashabd.com/led-display/rental/p3-rental-led-display/","Page with redirect","2026-08-04","LEGACY URL","out/led-display/rental/p3-rental-led-display/index.html","301","https://sashabd.com/led-display/rental/p3-rental-led-display/ [301] -> https://sashabd.com/led-display/rental-display/p3-rental-led-display/ | https://sashabd.com/led-display/rental-display/p3-rental-led-display/ [200]","1","https://sashabd.com/led-display/rental-display/p3-rental-led-display/","200","true","index, follow","","https://sashabd.com/led-display/rental-display/p3-rental-led-display/","","false","false","0","text/html","P3 Rental LED Screen","P3 Rental LED Display","","index, follow | index, follow, max-video-preview:-1, max-image-preview:large, max-snippet:-1","LED Display | Bangladesh","","INTENTIONAL REDIRECT","KEEP - VALID INTENTIONAL REDIRECT","HIGH",""
"https://sashabd.com/blog","Page with redirect","2026-08-04","LEGACY URL","out/blog/index.html","301","https://sashabd.com/blog [301] -> https://sashabd.com/blog/ | https://sashabd.com/blog/ [200]","1","https://sashabd.com/blog/","200","true","index, follow | index, follow, max-video-preview:-1, max-image-preview:large, max-snippet:-1","","https://sashabd.com/blog/","https://sashabd.com/blog/","false","false","0","text/html","Blog","Blog","https://sashabd.com/blog/","index, follow | index, follow, max-video-preview:-1, max-image-preview:large, max-snippet:-1","Blog","Blog","INTENTIONAL REDIRECT","KEEP - VALID INTENTIONAL REDIRECT","HIGH",""
"https://sashabd.com/pa-system","Page with redirect","2026-08-04","LEGACY URL","out/pa-system/index.html","301","https://sashabd.com/pa-system [301] -> https://sashabd.com/pa-system/ | https://sashabd.com/pa-system/ [200]","1","https://sashabd.com/pa-system/","200","true","index, follow | index, follow, max-video-preview:-1, max-image-preview:large, max-snippet:-1","","https://sashabd.com/pa-system/","https://sashabd.com/pa-system/","false","false","0","text/html","PA System Price in Bangladesh 2026","PA System Price in Bangladesh 2026","https://sashabd.com/pa-system/","index, follow | index, follow, max-video-preview:-1, max-image-preview:large, max-snippet:-1","PA System Price in Bangladesh 2026","PA System Price in Bangladesh 2026","INTENTIONAL REDIRECT","KEEP - VALID INTENTIONAL REDIRECT","HIGH",""
"https://sashabd.com/control-systems/pa-system/6w-ceiling-speaker-bgm-paging/","Page with redirect","2026-08-03","LEGACY URL","out/control-systems/pa-system/6w-ceiling-speaker-bgm-paging/index.html","301","https://sashabd.com/control-systems/pa-system/6w-ceiling-speaker-bgm-paging/ [301] -> https://sashabd.com/pa-system/6w-ceiling-speaker-bgm-paging/ | https://sashabd.com/pa-system/6w-ceiling-speaker-bgm-paging/ [200]","1","https://sashabd.com/pa-system/6w-ceiling-speaker-bgm-paging/","200","true","index, follow","","https://sashabd.com/pa-system/6w-ceiling-speaker-bgm-paging/","https://sashabd.com/pa-system/6w-ceiling-speaker-bgm-paging/","false","false","0","text/html","6W Ceiling Speaker – BGM &amp; Paging","6W Ceiling Speaker – BGM &amp; Paging","https://sashabd.com/pa-system/6w-ceiling-speaker-bgm-paging/","noindex, follow","Sasha Corporation","","INTENTIONAL REDIRECT","KEEP - VALID INTENTIONAL REDIRECT","HIGH",""
"https://sashabd.com/control-systems/pa-system/60w-column-speaker-mosque-hall/","Page with redirect","2026-08-03","LEGACY URL","out/control-systems/pa-system/60w-column-speaker-mosque-hall/index.html","301","https://sashabd.com/control-systems/pa-system/60w-column-speaker-mosque-hall/ [301] -> https://sashabd.com/pa-system/60w-column-speaker-mosque-hall/ | https://sashabd.com/pa-system/60w-column-speaker-mosque-hall/ [200]","1","https://sashabd.com/pa-system/60w-column-speaker-mosque-hall/","200","true","index, follow","","https://sashabd.com/pa-system/60w-column-speaker-mosque-hall/","https://sashabd.com/pa-system/60w-column-speaker-mosque-hall/","false","false","0","text/html","60W Column Speaker – Mosque &amp; Hall","60W Column Speaker – Mosque &amp; Hall","https://sashabd.com/pa-system/60w-column-speaker-mosque-hall/","noindex, follow","Sasha Corporation","","INTENTIONAL REDIRECT","KEEP - VALID INTENTIONAL REDIRECT","HIGH",""
"https://sashabd.com/control-systems/turnstile-gate-system/flap-barrier-access-control-gate/","Page with redirect","2026-08-03","LEGACY URL","out/control-systems/turnstile-gate-system/flap-barrier-access-control-gate/index.html","301","https://sashabd.com/control-systems/turnstile-gate-system/flap-barrier-access-control-gate/ [301] -> https://sashabd.com/turnstile-gate/flap-barrier-access-control-gate/ | https://sashabd.com/turnstile-gate/flap-barrier-access-control-gate/ [200]","1","https://sashabd.com/turnstile-gate/flap-barrier-access-control-gate/","200","true","index, follow","","https://sashabd.com/turnstile-gate/flap-barrier-access-control-gate/","https://sashabd.com/turnstile-gate/flap-barrier-access-control-gate/","false","false","0","text/html","Flap Barrier Turnstile Gate DS318 with Stainless Steel Body","Flap Barrier Turnstile Gate DS318 with Stainless Steel Body","https://sashabd.com/turnstile-gate/flap-barrier-access-control-gate/","noindex, follow","Sasha Corporation","","INTENTIONAL REDIRECT","KEEP - VALID INTENTIONAL REDIRECT","HIGH",""
"https://sashabd.com/control-systems/turnstile-gate-system/","Page with redirect","2026-08-03","LEGACY URL","out/control-systems/turnstile-gate-system/index.html","301","https://sashabd.com/control-systems/turnstile-gate-system/ [301] -> https://sashabd.com/turnstile-gate/ | https://sashabd.com/turnstile-gate/ [200]","1","https://sashabd.com/turnstile-gate/","200","true","index, follow | index, follow, max-video-preview:-1, max-image-preview:large, max-snippet:-1","","https://sashabd.com/turnstile-gate/","","false","false","0","text/html","Turnstile Gate Price in Bangladesh 2026","Turnstile Gate Price in Bangladesh 2026","","index, follow | index, follow, max-video-preview:-1, max-image-preview:large, max-snippet:-1","Sasha Corporation","","INTENTIONAL REDIRECT","KEEP - VALID INTENTIONAL REDIRECT","HIGH",""
"https://sashabd.com/control-systems/digital-podium","Page with redirect","2026-08-03","LEGACY URL","out/control-systems/digital-podium/index.html","301","https://sashabd.com/control-systems/digital-podium [301] -> https://sashabd.com/control-systems/digital-podium/ | https://sashabd.com/control-systems/digital-podium/ [301] -> https://sashabd.com/digital-podium/ | https://sashabd.com/digital-podium/ [200]","2","https://sashabd.com/digital-podium/","200","true","index, follow | index, follow, max-video-preview:-1, max-image-preview:large, max-snippet:-1","","https://sashabd.com/digital-podium/","","false","false","0","text/html","Digital Podium Price in Bangladesh","Digital Podium Price in Bangladesh","","index, follow | index, follow, max-video-preview:-1, max-image-preview:large, max-snippet:-1","Sasha Corporation","","INTENTIONAL REDIRECT","DEPLOY CURRENT SOURCE; DIRECT LEGACY REDIRECT ALREADY PRECEDES SLASH NORMALIZATION","HIGH",""
"https://sashabd.com/control-systems/digital-podium/","Page with redirect","2026-08-03","LEGACY URL","out/control-systems/digital-podium/index.html","301","https://sashabd.com/control-systems/digital-podium/ [301] -> https://sashabd.com/digital-podium/ | https://sashabd.com/digital-podium/ [200]","1","https://sashabd.com/digital-podium/","200","true","index, follow | index, follow, max-video-preview:-1, max-image-preview:large, max-snippet:-1","","https://sashabd.com/digital-podium/","","false","false","0","text/html","Digital Podium Price in Bangladesh","Digital Podium Price in Bangladesh","","index, follow | index, follow, max-video-preview:-1, max-image-preview:large, max-snippet:-1","Sasha Corporation","","INTENTIONAL REDIRECT","KEEP - VALID INTENTIONAL REDIRECT","HIGH",""
"https://sashabd.com/control-systems/pa-system/uhf-wireless-handheld-microphone-set-dual-channel/","Page with redirect","2026-08-03","LEGACY URL","out/control-systems/pa-system/uhf-wireless-handheld-microphone-set-dual-channel/index.html","301","https://sashabd.com/control-systems/pa-system/uhf-wireless-handheld-microphone-set-dual-channel/ [301] -> https://sashabd.com/pa-system/uhf-wireless-handheld-microphone-set-dual-channel/ | https://sashabd.com/pa-system/uhf-wireless-handheld-microphone-set-dual-channel/ [200]","1","https://sashabd.com/pa-system/uhf-wireless-handheld-microphone-set-dual-channel/","200","true","index, follow","","https://sashabd.com/pa-system/uhf-wireless-handheld-microphone-set-dual-channel/","https://sashabd.com/pa-system/uhf-wireless-handheld-microphone-set-dual-channel/","false","false","0","text/html","UHF Wireless Handheld Microphone Set (Dual Channel)","UHF Wireless Handheld Microphone Set (Dual Channel)","https://sashabd.com/pa-system/uhf-wireless-handheld-microphone-set-dual-channel/","noindex, follow","Sasha Corporation","","INTENTIONAL REDIRECT","KEEP - VALID INTENTIONAL REDIRECT","HIGH",""
"https://sashabd.com/control-systems/pa-system/30w-wall-mount-speaker-100v-line/","Page with redirect","2026-08-03","LEGACY URL","out/control-systems/pa-system/30w-wall-mount-speaker-100v-line/index.html","301","https://sashabd.com/control-systems/pa-system/30w-wall-mount-speaker-100v-line/ [301] -> https://sashabd.com/pa-system/30w-wall-mount-speaker-100v-line/ | https://sashabd.com/pa-system/30w-wall-mount-speaker-100v-line/ [200]","1","https://sashabd.com/pa-system/30w-wall-mount-speaker-100v-line/","200","true","index, follow","","https://sashabd.com/pa-system/30w-wall-mount-speaker-100v-line/","https://sashabd.com/pa-system/30w-wall-mount-speaker-100v-line/","false","false","0","text/html","30W Wall Mount Speaker (100V Line)","30W Wall Mount Speaker (100V Line)","https://sashabd.com/pa-system/30w-wall-mount-speaker-100v-line/","noindex, follow","Sasha Corporation","","INTENTIONAL REDIRECT","KEEP - VALID INTENTIONAL REDIRECT","HIGH",""
"https://sashabd.com/led-display/accessories/led-accessories","Page with redirect","2026-08-03","LEGACY URL","out/led-display/accessories/led-accessories/index.html","301","https://sashabd.com/led-display/accessories/led-accessories [301] -> https://sashabd.com/led-display/accessories/led-accessories/ | https://sashabd.com/led-display/accessories/led-accessories/ [200]","1","https://sashabd.com/led-display/accessories/led-accessories/","200","true","index, follow | index, follow, max-video-preview:-1, max-image-preview:large, max-snippet:-1","","https://sashabd.com/led-display/accessories/led-accessories/","https://sashabd.com/led-display/accessories/led-accessories/","false","false","0","text/html","LED Accessories (Cables &amp; Parts) | Sasha Corporation","LED Accessories (Cables &amp; Parts) in Bangladesh","https://sashabd.com/led-display/accessories/led-accessories/","index, follow | index, follow, max-video-preview:-1, max-image-preview:large, max-snippet:-1","LED Accessories (Cables &amp; Parts) | Sasha Corporation","LED Accessories (Cables &amp; Parts) in Bangladesh","INTENTIONAL REDIRECT","KEEP - VALID INTENTIONAL REDIRECT","HIGH",""
"https://sashabd.com/control-systems/interactive-flat-panel/","Page with redirect","2026-08-03","LEGACY URL","out/control-systems/interactive-flat-panel/index.html","301","https://sashabd.com/control-systems/interactive-flat-panel/ [301] -> https://sashabd.com/interactive-flat-panel/ | https://sashabd.com/interactive-flat-panel/ [200]","1","https://sashabd.com/interactive-flat-panel/","200","true","index, follow | index, follow, max-video-preview:-1, max-image-preview:large, max-snippet:-1","","https://sashabd.com/interactive-flat-panel/","","false","false","0","text/html","Interactive Flat Panel Price in Bangladesh","Interactive Flat Panel (IFP) Price in Bangladesh","","index, follow | index, follow, max-video-preview:-1, max-image-preview:large, max-snippet:-1","Sasha Corporation","","INTENTIONAL REDIRECT","KEEP - VALID INTENTIONAL REDIRECT","HIGH",""
"https://sashabd.com/control-systems/","Page with redirect","2026-08-03","LEGACY URL","out/control-systems/index.html","301","https://sashabd.com/control-systems/ [301] -> https://sashabd.com/pa-system/ | https://sashabd.com/pa-system/ [200]","1","https://sashabd.com/pa-system/","200","true","index, follow | index, follow, max-video-preview:-1, max-image-preview:large, max-snippet:-1","","https://sashabd.com/pa-system/","https://sashabd.com/pa-system/","false","false","0","text/html","PA System Price in Bangladesh 2026","PA System Price in Bangladesh 2026","https://sashabd.com/pa-system/","noindex, follow","Sasha Corporation","","INTENTIONAL REDIRECT","KEEP - VALID INTENTIONAL REDIRECT","HIGH",""
"https://sashabd.com/control-systems/digital-podium/standard-digital-podium-built-in-pc-sound/","Page with redirect","2026-08-03","LEGACY URL","out/control-systems/digital-podium/standard-digital-podium-built-in-pc-sound/index.html","301","https://sashabd.com/control-systems/digital-podium/standard-digital-podium-built-in-pc-sound/ [301] -> https://sashabd.com/digital-podium/standard-digital-podium-built-in-pc-sound/ | https://sashabd.com/digital-podium/standard-digital-podium-built-in-pc-sound/ [200]","1","https://sashabd.com/digital-podium/standard-digital-podium-built-in-pc-sound/","200","true","index, follow","","https://sashabd.com/digital-podium/standard-digital-podium-built-in-pc-sound/","https://sashabd.com/digital-podium/standard-digital-podium-built-in-pc-sound/","false","false","0","text/html","Standard Digital Podium with Built-in PC &amp; Sound System","Standard Digital Podium with Built-in PC &amp; Sound System","https://sashabd.com/digital-podium/standard-digital-podium-built-in-pc-sound/","noindex, follow","Sasha Corporation","","INTENTIONAL REDIRECT","KEEP - VALID INTENTIONAL REDIRECT","HIGH",""
"https://sashabd.com/led-display/indoor-led/p2-indoor-led-display","Page with redirect","2026-08-03","LEGACY URL","out/led-display/indoor-led/p2-indoor-led-display/index.html","301","https://sashabd.com/led-display/indoor-led/p2-indoor-led-display [301] -> https://sashabd.com/led-display/indoor-led/p2-indoor-led-display/ | https://sashabd.com/led-display/indoor-led/p2-indoor-led-display/ [200]","1","https://sashabd.com/led-display/indoor-led/p2-indoor-led-display/","200","true","index, follow","","https://sashabd.com/led-display/indoor-led/p2-indoor-led-display/","https://sashabd.com/led-display/indoor-led/p2-indoor-led-display/","false","false","0","text/html","P2 Indoor LED Module","P2 Indoor LED Display Module","https://sashabd.com/led-display/indoor-led/p2-indoor-led-display/","index, follow","P2 Indoor LED Module","P2 Indoor LED Display Module","INTENTIONAL REDIRECT","KEEP - VALID INTENTIONAL REDIRECT","HIGH",""
"https://sashabd.com/products/rental/","Page with redirect","2026-08-03","LEGACY URL","out/products/rental/index.html","301","https://sashabd.com/products/rental/ [301] -> https://sashabd.com/led-display/rental-display/ | https://sashabd.com/led-display/rental-display/ [200]","1","https://sashabd.com/led-display/rental-display/","200","true","index, follow | index, follow, max-video-preview:-1, max-image-preview:large, max-snippet:-1","","https://sashabd.com/led-display/rental-display/","https://sashabd.com/led-display/","false","false","0","text/html","Rental LED Display in Bangladesh | Stage &amp; Concert LED","Rental LED Display in Bangladesh","https://sashabd.com/led-display/","noindex, follow","Products | Sasha Corporation","","INTENTIONAL REDIRECT","KEEP - VALID INTENTIONAL REDIRECT","HIGH",""
"https://sashabd.com/led-display/accessories/power-supply","Page with redirect","2026-08-03","LEGACY URL","out/led-display/accessories/power-supply/index.html","301","https://sashabd.com/led-display/accessories/power-supply [301] -> https://sashabd.com/led-display/accessories/power-supply/ | https://sashabd.com/led-display/accessories/power-supply/ [200]","1","https://sashabd.com/led-display/accessories/power-supply/","200","true","index, follow | index, follow, max-video-preview:-1, max-image-preview:large, max-snippet:-1","","https://sashabd.com/led-display/accessories/power-supply/","https://sashabd.com/led-display/accessories/power-supply/","false","false","0","text/html","LED Display Power Supply | Sasha Corporation","LED Display Power Supply","https://sashabd.com/led-display/accessories/power-supply/","index, follow | index, follow, max-video-preview:-1, max-image-preview:large, max-snippet:-1","LED Display Power Supply | Sasha Corporation","LED Display Power Supply","INTENTIONAL REDIRECT","KEEP - VALID INTENTIONAL REDIRECT","HIGH",""
"https://sashabd.com/products/accessories/power-supply/","Page with redirect","2026-08-03","LEGACY URL","out/products/accessories/power-supply/index.html","301","https://sashabd.com/products/accessories/power-supply/ [301] -> https://sashabd.com/led-display/accessories/power-supply/ | https://sashabd.com/led-display/accessories/power-supply/ [200]","1","https://sashabd.com/led-display/accessories/power-supply/","200","true","index, follow | index, follow, max-video-preview:-1, max-image-preview:large, max-snippet:-1","","https://sashabd.com/led-display/accessories/power-supply/","https://sashabd.com/led-display/","false","false","0","text/html","LED Display Power Supply | Sasha Corporation","LED Display Power Supply","https://sashabd.com/led-display/","noindex, follow","Products | Sasha Corporation","","INTENTIONAL REDIRECT","KEEP - VALID INTENTIONAL REDIRECT","HIGH",""
"https://sashabd.com/products/indoor/","Page with redirect","2026-08-03","LEGACY URL","out/products/indoor/index.html","301","https://sashabd.com/products/indoor/ [301] -> https://sashabd.com/led-display/indoor-led/ | https://sashabd.com/led-display/indoor-led/ [200]","1","https://sashabd.com/led-display/indoor-led/","200","true","index, follow | index, follow, max-video-preview:-1, max-image-preview:large, max-snippet:-1","","https://sashabd.com/led-display/indoor-led/","https://sashabd.com/led-display/","false","false","0","text/html","Indoor LED Display Price in Bangladesh | Installation","Indoor LED Display Price in Bangladesh 2026","https://sashabd.com/led-display/","noindex, follow","Products | Sasha Corporation","","INTENTIONAL REDIRECT","KEEP - VALID INTENTIONAL REDIRECT","HIGH",""
"https://sashabd.com/led-display/price-guide-bangladesh/","Page with redirect","2026-08-03","LEGACY URL","out/led-display/price-guide-bangladesh/index.html","301","https://sashabd.com/led-display/price-guide-bangladesh/ [301] -> https://sashabd.com/led-display/ | https://sashabd.com/led-display/ [200]","1","https://sashabd.com/led-display/","200","true","index, follow | index, follow, max-video-preview:-1, max-image-preview:large, max-snippet:-1","","https://sashabd.com/led-display/","","false","false","0","text/html","LED Display Price in Bangladesh 2026","LED Display Price in Bangladesh 2026","","index, follow | index, follow, max-video-preview:-1, max-image-preview:large, max-snippet:-1","LED Display | Bangladesh","","INTENTIONAL REDIRECT","KEEP - VALID INTENTIONAL REDIRECT","HIGH",""
"https://sashabd.com/led-display/price-guide/","Page with redirect","2026-08-03","LEGACY URL","out/led-display/price-guide/index.html","301","https://sashabd.com/led-display/price-guide/ [301] -> https://sashabd.com/led-display/ | https://sashabd.com/led-display/ [200]","1","https://sashabd.com/led-display/","200","true","index, follow | index, follow, max-video-preview:-1, max-image-preview:large, max-snippet:-1","","https://sashabd.com/led-display/","","false","false","0","text/html","LED Display Price in Bangladesh 2026","LED Display Price in Bangladesh 2026","","index, follow | index, follow, max-video-preview:-1, max-image-preview:large, max-snippet:-1","LED Display | Bangladesh","","INTENTIONAL REDIRECT","KEEP - VALID INTENTIONAL REDIRECT","HIGH",""
"https://sashabd.com/products/","Page with redirect","2026-08-03","LEGACY URL","out/products/index.html","301","https://sashabd.com/products/ [301] -> https://sashabd.com/led-display/ | https://sashabd.com/led-display/ [200]","1","https://sashabd.com/led-display/","200","true","index, follow | index, follow, max-video-preview:-1, max-image-preview:large, max-snippet:-1","","https://sashabd.com/led-display/","https://sashabd.com/led-display/","false","false","0","text/html","LED Display Price in Bangladesh 2026","LED Display Price in Bangladesh 2026","https://sashabd.com/led-display/","noindex, follow","Products | Sasha Corporation","","INTENTIONAL REDIRECT","KEEP - VALID INTENTIONAL REDIRECT","HIGH",""
"https://sashabd.com/led-display/indoor/p1-25-indoor-led-display/","Page with redirect","2026-08-03","LEGACY URL","out/led-display/indoor/p1-25-indoor-led-display/index.html","301","https://sashabd.com/led-display/indoor/p1-25-indoor-led-display/ [301] -> https://sashabd.com/led-display/indoor-led/p1-25-indoor-led-display/ | https://sashabd.com/led-display/indoor-led/p1-25-indoor-led-display/ [200]","1","https://sashabd.com/led-display/indoor-led/p1-25-indoor-led-display/","200","true","index, follow","","https://sashabd.com/led-display/indoor-led/p1-25-indoor-led-display/","","false","false","0","text/html","P1.25 Indoor LED Module","P1.25 Indoor LED Display Module","","index, follow | index, follow, max-video-preview:-1, max-image-preview:large, max-snippet:-1","LED Display | Bangladesh","","INTENTIONAL REDIRECT","KEEP - VALID INTENTIONAL REDIRECT","HIGH",""
"https://sashabd.com/services/","Page with redirect","2026-08-03","LEGACY URL","out/services/index.html","301","https://sashabd.com/services/ [301] -> https://sashabd.com/services-support/ | https://sashabd.com/services-support/ [200]","1","https://sashabd.com/services-support/","200","true","index, follow | index, follow, max-video-preview:-1, max-image-preview:large, max-snippet:-1","","https://sashabd.com/services-support/","https://sashabd.com/services-support/","false","false","0","text/html","Our Services and Support | Sasha Corporation","Our Services and Support","https://sashabd.com/services-support/","noindex, follow","Sasha Corporation","","INTENTIONAL REDIRECT","KEEP - VALID INTENTIONAL REDIRECT","HIGH",""
"https://sashabd.com/control-systems/pa-system/240w-mixer-amplifier-100v-line-pa/","Page with redirect","2026-08-03","LEGACY URL","out/control-systems/pa-system/240w-mixer-amplifier-100v-line-pa/index.html","301","https://sashabd.com/control-systems/pa-system/240w-mixer-amplifier-100v-line-pa/ [301] -> https://sashabd.com/pa-system/240w-mixer-amplifier-100v-line-pa/ | https://sashabd.com/pa-system/240w-mixer-amplifier-100v-line-pa/ [200]","1","https://sashabd.com/pa-system/240w-mixer-amplifier-100v-line-pa/","200","true","index, follow","","https://sashabd.com/pa-system/240w-mixer-amplifier-100v-line-pa/","https://sashabd.com/pa-system/240w-mixer-amplifier-100v-line-pa/","false","false","0","text/html","240W Mixer Amplifier – 100V Line PA","240W Mixer Amplifier – 100V Line PA","https://sashabd.com/pa-system/240w-mixer-amplifier-100v-line-pa/","noindex, follow","Sasha Corporation","","INTENTIONAL REDIRECT","KEEP - VALID INTENTIONAL REDIRECT","HIGH",""
"https://sashabd.com/products/outdoor/","Page with redirect","2026-08-03","LEGACY URL","out/products/outdoor/index.html","301","https://sashabd.com/products/outdoor/ [301] -> https://sashabd.com/led-display/outdoor/ | https://sashabd.com/led-display/outdoor/ [200]","1","https://sashabd.com/led-display/outdoor/","200","true","index, follow | index, follow, max-video-preview:-1, max-image-preview:large, max-snippet:-1","","https://sashabd.com/led-display/outdoor/","https://sashabd.com/led-display/","false","false","0","text/html","Outdoor LED Display Price in Bangladesh | Advertising Screen","Outdoor LED Display Price in Bangladesh","https://sashabd.com/led-display/","noindex, follow","Products | Sasha Corporation","","INTENTIONAL REDIRECT","KEEP - VALID INTENTIONAL REDIRECT","HIGH",""
"https://sashabd.com/control-systems/pa-system/school-mosque-pa-rack-package-mixer-amp-paging-mic/","Page with redirect","2026-08-02","LEGACY URL","out/control-systems/pa-system/school-mosque-pa-rack-package-mixer-amp-paging-mic/index.html","301","https://sashabd.com/control-systems/pa-system/school-mosque-pa-rack-package-mixer-amp-paging-mic/ [301] -> https://sashabd.com/pa-system/school-mosque-pa-rack-package-mixer-amp-paging-mic/ | https://sashabd.com/pa-system/school-mosque-pa-rack-package-mixer-amp-paging-mic/ [200]","1","https://sashabd.com/pa-system/school-mosque-pa-rack-package-mixer-amp-paging-mic/","200","true","index, follow","","https://sashabd.com/pa-system/school-mosque-pa-rack-package-mixer-amp-paging-mic/","https://sashabd.com/pa-system/school-mosque-pa-rack-package-mixer-amp-paging-mic/","false","false","0","text/html","School &amp; Mosque PA Rack Package – Mixer Amp + Paging Mic","School &amp; Mosque PA Rack Package – Mixer Amp + Paging Mic","https://sashabd.com/pa-system/school-mosque-pa-rack-package-mixer-amp-paging-mic/","noindex, follow","Sasha Corporation","","INTENTIONAL REDIRECT","KEEP - VALID INTENTIONAL REDIRECT","HIGH",""
"https://sashabd.com/services-support","Page with redirect","2026-08-02","LEGACY URL","out/services-support/index.html","301","https://sashabd.com/services-support [301] -> https://sashabd.com/services-support/ | https://sashabd.com/services-support/ [200]","1","https://sashabd.com/services-support/","200","true","index, follow | index, follow, max-video-preview:-1, max-image-preview:large, max-snippet:-1","","https://sashabd.com/services-support/","https://sashabd.com/services-support/","false","false","0","text/html","Our Services and Support | Sasha Corporation","Our Services and Support","https://sashabd.com/services-support/","index, follow | index, follow, max-video-preview:-1, max-image-preview:large, max-snippet:-1","Our Services and Support | Sasha Corporation","Our Services and Support","INTENTIONAL REDIRECT","KEEP - VALID INTENTIONAL REDIRECT","HIGH",""
"https://sashabd.com/control-systems/pa-system/","Page with redirect","2026-08-02","LEGACY URL","out/control-systems/pa-system/index.html","301","https://sashabd.com/control-systems/pa-system/ [301] -> https://sashabd.com/pa-system/ | https://sashabd.com/pa-system/ [200]","1","https://sashabd.com/pa-system/","200","true","index, follow | index, follow, max-video-preview:-1, max-image-preview:large, max-snippet:-1","","https://sashabd.com/pa-system/","https://sashabd.com/pa-system/","false","false","0","text/html","PA System Price in Bangladesh 2026","PA System Price in Bangladesh 2026","https://sashabd.com/pa-system/","noindex, follow","Sasha Corporation","","INTENTIONAL REDIRECT","KEEP - VALID INTENTIONAL REDIRECT","HIGH",""
"https://sashabd.com/control-systems/turnstile-gate-system","Page with redirect","2026-08-02","LEGACY URL","out/control-systems/turnstile-gate-system/index.html","301","https://sashabd.com/control-systems/turnstile-gate-system [301] -> https://sashabd.com/control-systems/turnstile-gate-system/ | https://sashabd.com/control-systems/turnstile-gate-system/ [301] -> https://sashabd.com/turnstile-gate/ | https://sashabd.com/turnstile-gate/ [200]","2","https://sashabd.com/turnstile-gate/","200","true","index, follow | index, follow, max-video-preview:-1, max-image-preview:large, max-snippet:-1","","https://sashabd.com/turnstile-gate/","","false","false","0","text/html","Turnstile Gate Price in Bangladesh 2026","Turnstile Gate Price in Bangladesh 2026","","index, follow | index, follow, max-video-preview:-1, max-image-preview:large, max-snippet:-1","Sasha Corporation","","INTENTIONAL REDIRECT","DEPLOY CURRENT SOURCE; DIRECT LEGACY REDIRECT ALREADY PRECEDES SLASH NORMALIZATION","HIGH",""
"https://sashabd.com/turnstile-gate","Page with redirect","2026-08-02","LEGACY URL","out/turnstile-gate/index.html","301","https://sashabd.com/turnstile-gate [301] -> https://sashabd.com/turnstile-gate/ | https://sashabd.com/turnstile-gate/ [200]","1","https://sashabd.com/turnstile-gate/","200","true","index, follow | index, follow, max-video-preview:-1, max-image-preview:large, max-snippet:-1","","https://sashabd.com/turnstile-gate/","https://sashabd.com/turnstile-gate/","false","false","0","text/html","Turnstile Gate Price in Bangladesh 2026","Turnstile Gate Price in Bangladesh 2026","https://sashabd.com/turnstile-gate/","index, follow | index, follow, max-video-preview:-1, max-image-preview:large, max-snippet:-1","Turnstile Gate Price in Bangladesh 2026","Turnstile Gate Price in Bangladesh 2026","INTENTIONAL REDIRECT","KEEP - VALID INTENTIONAL REDIRECT","HIGH",""
"https://sashabd.com/control-systems/turnstile-gate-system/full-height-turnstile-gate-for-factory-restricted-entry/","Page with redirect","2026-08-01","LEGACY URL","out/control-systems/turnstile-gate-system/full-height-turnstile-gate-for-factory-restricted-entry/index.html","301","https://sashabd.com/control-systems/turnstile-gate-system/full-height-turnstile-gate-for-factory-restricted-entry/ [301] -> https://sashabd.com/turnstile-gate/full-height-turnstile-gate-for-factory-restricted-entry/ | https://sashabd.com/turnstile-gate/full-height-turnstile-gate-for-factory-restricted-entry/ [200]","1","https://sashabd.com/turnstile-gate/full-height-turnstile-gate-for-factory-restricted-entry/","200","true","index, follow","","https://sashabd.com/turnstile-gate/full-height-turnstile-gate-for-factory-restricted-entry/","https://sashabd.com/turnstile-gate/full-height-turnstile-gate-for-factory-restricted-entry/","false","false","0","text/html","DS-Q20 Turnstile Gate Advanced Access Control System","DS-Q20 Turnstile Gate Advanced Access Control System","https://sashabd.com/turnstile-gate/full-height-turnstile-gate-for-factory-restricted-entry/","noindex, follow","Sasha Corporation","","INTENTIONAL REDIRECT","KEEP - VALID INTENTIONAL REDIRECT","HIGH",""
"https://sashabd.com/control-systems/pa-system/analog-100v-line-pa-system-school-office/","Page with redirect","2026-08-01","LEGACY URL","out/control-systems/pa-system/analog-100v-line-pa-system-school-office/index.html","301","https://sashabd.com/control-systems/pa-system/analog-100v-line-pa-system-school-office/ [301] -> https://sashabd.com/pa-system/analog-100v-line-pa-system-school-office/ | https://sashabd.com/pa-system/analog-100v-line-pa-system-school-office/ [200]","1","https://sashabd.com/pa-system/analog-100v-line-pa-system-school-office/","200","true","index, follow","","https://sashabd.com/pa-system/analog-100v-line-pa-system-school-office/","https://sashabd.com/pa-system/analog-100v-line-pa-system-school-office/","false","false","0","text/html","Analog 100V Line PA System – School &amp; Office","Analog 100V Line PA System – School &amp; Office","https://sashabd.com/pa-system/analog-100v-line-pa-system-school-office/","noindex, follow","Sasha Corporation","","INTENTIONAL REDIRECT","KEEP - VALID INTENTIONAL REDIRECT","HIGH",""
"https://sashabd.com/control-systems/turnstile-gate-system/tripod-turnstile-gate-access-control-system/","Page with redirect","2026-08-01","LEGACY URL","out/control-systems/turnstile-gate-system/tripod-turnstile-gate-access-control-system/index.html","301","https://sashabd.com/control-systems/turnstile-gate-system/tripod-turnstile-gate-access-control-system/ [301] -> https://sashabd.com/turnstile-gate/tripod-turnstile-gate-access-control-system/ | https://sashabd.com/turnstile-gate/tripod-turnstile-gate-access-control-system/ [200]","1","https://sashabd.com/turnstile-gate/tripod-turnstile-gate-access-control-system/","200","true","index, follow","","https://sashabd.com/turnstile-gate/tripod-turnstile-gate-access-control-system/","https://sashabd.com/turnstile-gate/tripod-turnstile-gate-access-control-system/","false","false","0","text/html","Quantum Tripod Turnstile DS-Q50S for Secure Access","Quantum Tripod Turnstile DS-Q50S for Secure Access","https://sashabd.com/turnstile-gate/tripod-turnstile-gate-access-control-system/","noindex, follow","Sasha Corporation","","INTENTIONAL REDIRECT","KEEP - VALID INTENTIONAL REDIRECT","HIGH",""
"https://sashabd.com/control-systems/pa-system/ip-network-wall-speaker-poe-lan/","Page with redirect","2026-07-25","LEGACY URL","out/control-systems/pa-system/ip-network-wall-speaker-poe-lan/index.html","301","https://sashabd.com/control-systems/pa-system/ip-network-wall-speaker-poe-lan/ [301] -> https://sashabd.com/pa-system/ip-network-wall-speaker-poe-lan/ | https://sashabd.com/pa-system/ip-network-wall-speaker-poe-lan/ [200]","1","https://sashabd.com/pa-system/ip-network-wall-speaker-poe-lan/","200","true","index, follow","","https://sashabd.com/pa-system/ip-network-wall-speaker-poe-lan/","https://sashabd.com/pa-system/ip-network-wall-speaker-poe-lan/","false","false","0","text/html","IP Network Wall Speaker – PoE / LAN","IP Network Wall Speaker – PoE / LAN","https://sashabd.com/pa-system/ip-network-wall-speaker-poe-lan/","noindex, follow","Sasha Corporation","","INTENTIONAL REDIRECT","KEEP - VALID INTENTIONAL REDIRECT","HIGH",""
"https://sashabd.com/control-systems/pa-system/50w-outdoor-horn-speaker-siren-announcement/","Page with redirect","2026-07-25","LEGACY URL","out/control-systems/pa-system/50w-outdoor-horn-speaker-siren-announcement/index.html","301","https://sashabd.com/control-systems/pa-system/50w-outdoor-horn-speaker-siren-announcement/ [301] -> https://sashabd.com/pa-system/50w-outdoor-horn-speaker-siren-announcement/ | https://sashabd.com/pa-system/50w-outdoor-horn-speaker-siren-announcement/ [200]","1","https://sashabd.com/pa-system/50w-outdoor-horn-speaker-siren-announcement/","200","true","index, follow","","https://sashabd.com/pa-system/50w-outdoor-horn-speaker-siren-announcement/","https://sashabd.com/pa-system/50w-outdoor-horn-speaker-siren-announcement/","false","false","0","text/html","50W Outdoor Horn Speaker – Siren &amp; Announcement","50W Outdoor Horn Speaker – Siren &amp; Announcement","https://sashabd.com/pa-system/50w-outdoor-horn-speaker-siren-announcement/","noindex, follow","Sasha Corporation","","INTENTIONAL REDIRECT","KEEP - VALID INTENTIONAL REDIRECT","HIGH",""
"https://www.sashabd.com/","Page with redirect","2026-07-24","LEGACY URL","out/index.html","301","https://www.sashabd.com/ [301] -> https://sashabd.com/ | https://sashabd.com/ [200]","1","https://sashabd.com/","200","true","index, follow | index, follow, max-video-preview:-1, max-image-preview:large, max-snippet:-1","","https://sashabd.com/","https://sashabd.com/","false","false","0","text/html","Sasha Corporation","Sasha Corporation - Smart technology solutions in Bangladesh","https://sashabd.com/","index, follow | index, follow, max-video-preview:-1, max-image-preview:large, max-snippet:-1","Sasha Corporation","Sasha Corporation - Smart technology solutions in Bangladesh","INTENTIONAL REDIRECT","KEEP - VALID INTENTIONAL REDIRECT","HIGH",""
"https://sashabd.com/control-systems/pa-system","Page with redirect","2026-07-23","LEGACY URL","out/control-systems/pa-system/index.html","301","https://sashabd.com/control-systems/pa-system [301] -> https://sashabd.com/control-systems/pa-system/ | https://sashabd.com/control-systems/pa-system/ [301] -> https://sashabd.com/pa-system/ | https://sashabd.com/pa-system/ [200]","2","https://sashabd.com/pa-system/","200","true","index, follow | index, follow, max-video-preview:-1, max-image-preview:large, max-snippet:-1","","https://sashabd.com/pa-system/","https://sashabd.com/pa-system/","false","false","0","text/html","PA System Price in Bangladesh 2026","PA System Price in Bangladesh 2026","https://sashabd.com/pa-system/","noindex, follow","Sasha Corporation","","INTENTIONAL REDIRECT","DEPLOY CURRENT SOURCE; DIRECT LEGACY REDIRECT ALREADY PRECEDES SLASH NORMALIZATION","HIGH",""
"https://sashabd.com/led-display/accessories/receiving-card","Page with redirect","2026-07-23","LEGACY URL","out/led-display/accessories/receiving-card/index.html","301","https://sashabd.com/led-display/accessories/receiving-card [301] -> https://sashabd.com/led-display/accessories/receiving-card/ | https://sashabd.com/led-display/accessories/receiving-card/ [200]","1","https://sashabd.com/led-display/accessories/receiving-card/","200","true","index, follow | index, follow, max-video-preview:-1, max-image-preview:large, max-snippet:-1","","https://sashabd.com/led-display/accessories/receiving-card/","https://sashabd.com/led-display/accessories/receiving-card/","false","false","0","text/html","LED Display Receiving Card | Sasha Corporation","LED Display Receiving Card","https://sashabd.com/led-display/accessories/receiving-card/","index, follow | index, follow, max-video-preview:-1, max-image-preview:large, max-snippet:-1","LED Display Receiving Card | Sasha Corporation","LED Display Receiving Card","INTENTIONAL REDIRECT","KEEP - VALID INTENTIONAL REDIRECT","HIGH",""
"https://sashabd.com/led-display/digital-led-display","Page with redirect","2026-07-22","LEGACY URL","out/led-display/digital-led-display/index.html","301","https://sashabd.com/led-display/digital-led-display [301] -> https://sashabd.com/led-display/digital-led-display/ | https://sashabd.com/led-display/digital-led-display/ [301] -> https://sashabd.com/led-display/ | https://sashabd.com/led-display/ [200]","2","https://sashabd.com/led-display/","200","true","index, follow | index, follow, max-video-preview:-1, max-image-preview:large, max-snippet:-1","","https://sashabd.com/led-display/","","false","false","0","text/html","LED Display Price in Bangladesh 2026","LED Display Price in Bangladesh 2026","","index, follow | index, follow, max-video-preview:-1, max-image-preview:large, max-snippet:-1","LED Display | Bangladesh","","INTENTIONAL REDIRECT","DEPLOY CURRENT SOURCE; DIRECT LEGACY REDIRECT ALREADY PRECEDES SLASH NORMALIZATION","HIGH",""
"https://sashabd.com/blog/outdoor-led-structure-and-power-safety-guide","Page with redirect","2026-07-22","LEGACY URL","out/blog/outdoor-led-structure-and-power-safety-guide/index.html","301","https://sashabd.com/blog/outdoor-led-structure-and-power-safety-guide [301] -> https://sashabd.com/blog/outdoor-led-structure-and-power-safety-guide/ | https://sashabd.com/blog/outdoor-led-structure-and-power-safety-guide/ [200]","1","https://sashabd.com/blog/outdoor-led-structure-and-power-safety-guide/","200","true","index, follow | index, follow, max-video-preview:-1, max-image-preview:large, max-snippet:-1","","https://sashabd.com/blog/outdoor-led-structure-and-power-safety-guide/","https://sashabd.com/blog/outdoor-led-structure-and-power-safety-guide/","false","false","0","text/html","Outdoor LED Structure and Power Safety Guide","Outdoor LED Structure and Power Safety Guide","https://sashabd.com/blog/outdoor-led-structure-and-power-safety-guide/","index, follow | index, follow, max-video-preview:-1, max-image-preview:large, max-snippet:-1","Outdoor LED Structure and Power Safety Guide","Outdoor LED Structure and Power Safety Guide","INTENTIONAL REDIRECT","KEEP - VALID INTENTIONAL REDIRECT","HIGH",""
"https://sashabd.com/blog/future-of-led-display-technology","Page with redirect","2026-07-19","LEGACY URL","out/blog/future-of-led-display-technology/index.html","301","https://sashabd.com/blog/future-of-led-display-technology [301] -> https://sashabd.com/blog/future-of-led-display-technology/ | https://sashabd.com/blog/future-of-led-display-technology/ [200]","1","https://sashabd.com/blog/future-of-led-display-technology/","200","true","index, follow | index, follow, max-video-preview:-1, max-image-preview:large, max-snippet:-1","","https://sashabd.com/blog/future-of-led-display-technology/","https://sashabd.com/blog/future-of-led-display-technology/","false","false","0","text/html","Future of LED Display Technology","Future of LED Display Technology","https://sashabd.com/blog/future-of-led-display-technology/","index, follow | index, follow, max-video-preview:-1, max-image-preview:large, max-snippet:-1","Future of LED Display Technology","Future of LED Display Technology","INTENTIONAL REDIRECT","KEEP - VALID INTENTIONAL REDIRECT","HIGH",""
"https://sashabd.com/control-systems/interactive-flat-panel/iscreen-86in-4k-interactive-board-ops-ready/","Page with redirect","2026-07-16","LEGACY URL","out/control-systems/interactive-flat-panel/iscreen-86in-4k-interactive-board-ops-ready/index.html","301","https://sashabd.com/control-systems/interactive-flat-panel/iscreen-86in-4k-interactive-board-ops-ready/ [301] -> https://sashabd.com/interactive-flat-panel/iscreen-86in-4k-interactive-board-ops-ready/ | https://sashabd.com/interactive-flat-panel/iscreen-86in-4k-interactive-board-ops-ready/ [200]","1","https://sashabd.com/interactive-flat-panel/iscreen-86in-4k-interactive-board-ops-ready/","200","true","index, follow","","https://sashabd.com/interactive-flat-panel/iscreen-86in-4k-interactive-board-ops-ready/","https://sashabd.com/interactive-flat-panel/iscreen-86in-4k-interactive-board-ops-ready/","false","false","0","text/html","Ingscreen 86-inch Interactive Flat Panel – Android + OPS","Ingscreen 86-inch Interactive Flat Panel – Android + OPS","https://sashabd.com/interactive-flat-panel/iscreen-86in-4k-interactive-board-ops-ready/","noindex, follow","Sasha Corporation","","INTENTIONAL REDIRECT","KEEP - VALID INTENTIONAL REDIRECT","HIGH",""
"https://sashabd.com/control-systems/pa-system/conference-discussion-system-chairman-delegate-set/","Page with redirect","2026-07-15","LEGACY URL","out/control-systems/pa-system/conference-discussion-system-chairman-delegate-set/index.html","301","https://sashabd.com/control-systems/pa-system/conference-discussion-system-chairman-delegate-set/ [301] -> https://sashabd.com/pa-system/conference-discussion-system-chairman-delegate-set/ | https://sashabd.com/pa-system/conference-discussion-system-chairman-delegate-set/ [200]","1","https://sashabd.com/pa-system/conference-discussion-system-chairman-delegate-set/","200","true","index, follow","","https://sashabd.com/pa-system/conference-discussion-system-chairman-delegate-set/","https://sashabd.com/pa-system/conference-discussion-system-chairman-delegate-set/","false","false","0","text/html","Conference Discussion System – Chairman &amp; Delegate Set","Conference Discussion System – Chairman &amp; Delegate Set","https://sashabd.com/pa-system/conference-discussion-system-chairman-delegate-set/","noindex, follow","Sasha Corporation","","INTENTIONAL REDIRECT","KEEP - VALID INTENTIONAL REDIRECT","HIGH",""
"https://sashabd.com/control-systems/turnstile-gate-system/waist-high-turnstile-gate-single-double-lane/","Page with redirect","2026-07-14","LEGACY URL","out/control-systems/turnstile-gate-system/waist-high-turnstile-gate-single-double-lane/index.html","301","https://sashabd.com/control-systems/turnstile-gate-system/waist-high-turnstile-gate-single-double-lane/ [301] -> https://sashabd.com/turnstile-gate/waist-high-turnstile-gate-single-double-lane/ | https://sashabd.com/turnstile-gate/waist-high-turnstile-gate-single-double-lane/ [200]","1","https://sashabd.com/turnstile-gate/waist-high-turnstile-gate-single-double-lane/","200","true","index, follow","","https://sashabd.com/turnstile-gate/waist-high-turnstile-gate-single-double-lane/","https://sashabd.com/turnstile-gate/waist-high-turnstile-gate-single-double-lane/","false","false","0","text/html","Waist-High Turnstile Gate Single / Double Lane","Waist-High Turnstile Gate Single / Double Lane","https://sashabd.com/turnstile-gate/waist-high-turnstile-gate-single-double-lane/","noindex, follow","Sasha Corporation","","INTENTIONAL REDIRECT","KEEP - VALID INTENTIONAL REDIRECT","HIGH",""
"https://sashabd.com/control-systems/interactive-flat-panel/samsung-flip-65in-4k-interactive-panel/","Page with redirect","2026-07-13","LEGACY URL","out/control-systems/interactive-flat-panel/samsung-flip-65in-4k-interactive-panel/index.html","301","https://sashabd.com/control-systems/interactive-flat-panel/samsung-flip-65in-4k-interactive-panel/ [301] -> https://sashabd.com/interactive-flat-panel/samsung-flip-65in-4k-interactive-panel/ | https://sashabd.com/interactive-flat-panel/samsung-flip-65in-4k-interactive-panel/ [200]","1","https://sashabd.com/interactive-flat-panel/samsung-flip-65in-4k-interactive-panel/","200","true","index, follow","","https://sashabd.com/interactive-flat-panel/samsung-flip-65in-4k-interactive-panel/","https://sashabd.com/interactive-flat-panel/samsung-flip-65in-4k-interactive-panel/","false","false","0","text/html","Samsung 65-inch Interactive Flat Panel – Flip Pro Series","Samsung 65-inch Interactive Flat Panel – Flip Pro Series","https://sashabd.com/interactive-flat-panel/samsung-flip-65in-4k-interactive-panel/","noindex, follow","Sasha Corporation","","INTENTIONAL REDIRECT","KEEP - VALID INTENTIONAL REDIRECT","HIGH",""
"https://sashabd.com/blog/p5-led-billboard-project-nasirabad-chattogram-nusaifa-trading","Page with redirect","2026-07-10","LEGACY URL","out/blog/p5-led-billboard-project-nasirabad-chattogram-nusaifa-trading/index.html","301","https://sashabd.com/blog/p5-led-billboard-project-nasirabad-chattogram-nusaifa-trading [301] -> https://sashabd.com/blog/p5-led-billboard-project-nasirabad-chattogram-nusaifa-trading/ | https://sashabd.com/blog/p5-led-billboard-project-nasirabad-chattogram-nusaifa-trading/ [200]","1","https://sashabd.com/blog/p5-led-billboard-project-nasirabad-chattogram-nusaifa-trading/","200","true","index, follow | index, follow, max-video-preview:-1, max-image-preview:large, max-snippet:-1","","https://sashabd.com/blog/p5-led-billboard-project-nasirabad-chattogram-nusaifa-trading/","https://sashabd.com/blog/p5-led-billboard-project-nasirabad-chattogram-nusaifa-trading/","false","false","0","text/html","P5 LED Billboard Project in Nasirabad, Chattogram (Nusaif...","P5 LED Billboard Project in Nasirabad, Chattogram (Nusaifa Trading)","https://sashabd.com/blog/p5-led-billboard-project-nasirabad-chattogram-nusaifa-trading/","index, follow | index, follow, max-video-preview:-1, max-image-preview:large, max-snippet:-1","P5 LED Billboard Project in Nasirabad, Chattogram (Nusaif...","P5 LED Billboard Project in Nasirabad, Chattogram (Nusaifa Trading)","INTENTIONAL REDIRECT","KEEP - VALID INTENTIONAL REDIRECT","HIGH",""
"https://sashabd.com/blog/how-long-does-an-led-display-last","Page with redirect","2026-07-08","LEGACY URL","out/blog/how-long-does-an-led-display-last/index.html","301","https://sashabd.com/blog/how-long-does-an-led-display-last [301] -> https://sashabd.com/blog/how-long-does-an-led-display-last/ | https://sashabd.com/blog/how-long-does-an-led-display-last/ [200]","1","https://sashabd.com/blog/how-long-does-an-led-display-last/","200","true","index, follow | index, follow, max-video-preview:-1, max-image-preview:large, max-snippet:-1","","https://sashabd.com/blog/how-long-does-an-led-display-last/","https://sashabd.com/blog/how-long-does-an-led-display-last/","false","false","0","text/html","How Long Does an LED Display Last?","How Long Does an LED Display Last?","https://sashabd.com/blog/how-long-does-an-led-display-last/","index, follow | index, follow, max-video-preview:-1, max-image-preview:large, max-snippet:-1","How Long Does an LED Display Last?","How Long Does an LED Display Last?","INTENTIONAL REDIRECT","KEEP - VALID INTENTIONAL REDIRECT","HIGH",""
"https://sashabd.com/control-systems/interactive-flat-panel/iboard-65in-4k-interactive-smart-panel/","Page with redirect","2026-07-07","LEGACY URL","out/control-systems/interactive-flat-panel/iboard-65in-4k-interactive-smart-panel/index.html","301","https://sashabd.com/control-systems/interactive-flat-panel/iboard-65in-4k-interactive-smart-panel/ [301] -> https://sashabd.com/interactive-flat-panel/iboard-65in-4k-interactive-smart-panel/ | https://sashabd.com/interactive-flat-panel/iboard-65in-4k-interactive-smart-panel/ [200]","1","https://sashabd.com/interactive-flat-panel/iboard-65in-4k-interactive-smart-panel/","200","true","index, follow","","https://sashabd.com/interactive-flat-panel/iboard-65in-4k-interactive-smart-panel/","https://sashabd.com/interactive-flat-panel/iboard-65in-4k-interactive-smart-panel/","false","false","0","text/html","iBoard 65-inch Interactive Flat Panel – 4K UHD","iBoard 65-inch Interactive Flat Panel – 4K UHD","https://sashabd.com/interactive-flat-panel/iboard-65in-4k-interactive-smart-panel/","noindex, follow","Sasha Corporation","","INTENTIONAL REDIRECT","KEEP - VALID INTENTIONAL REDIRECT","HIGH",""
"https://sashabd.com/control-systems/interactive-flat-panel/samsung-86in-4k-interactive-classroom-board/","Page with redirect","2026-07-06","LEGACY URL","out/control-systems/interactive-flat-panel/samsung-86in-4k-interactive-classroom-board/index.html","301","https://sashabd.com/control-systems/interactive-flat-panel/samsung-86in-4k-interactive-classroom-board/ [301] -> https://sashabd.com/interactive-flat-panel/samsung-86in-4k-interactive-classroom-board/ | https://sashabd.com/interactive-flat-panel/samsung-86in-4k-interactive-classroom-board/ [200]","1","https://sashabd.com/interactive-flat-panel/samsung-86in-4k-interactive-classroom-board/","200","true","index, follow","","https://sashabd.com/interactive-flat-panel/samsung-86in-4k-interactive-classroom-board/","https://sashabd.com/interactive-flat-panel/samsung-86in-4k-interactive-classroom-board/","false","false","0","text/html","Samsung 86-inch Interactive Flat Panel – Flip Pro WMB","Samsung 86-inch Interactive Flat Panel – Flip Pro WMB","https://sashabd.com/interactive-flat-panel/samsung-86in-4k-interactive-classroom-board/","noindex, follow","Sasha Corporation","","INTENTIONAL REDIRECT","KEEP - VALID INTENTIONAL REDIRECT","HIGH",""
"https://sashabd.com/control-systems/interactive-flat-panel/newline-65in-4k-android-interactive-panel/","Page with redirect","2026-07-04","LEGACY URL","out/control-systems/interactive-flat-panel/newline-65in-4k-android-interactive-panel/index.html","301","https://sashabd.com/control-systems/interactive-flat-panel/newline-65in-4k-android-interactive-panel/ [301] -> https://sashabd.com/interactive-flat-panel/newline-65in-4k-android-interactive-panel/ | https://sashabd.com/interactive-flat-panel/newline-65in-4k-android-interactive-panel/ [200]","1","https://sashabd.com/interactive-flat-panel/newline-65in-4k-android-interactive-panel/","200","true","index, follow","","https://sashabd.com/interactive-flat-panel/newline-65in-4k-android-interactive-panel/","https://sashabd.com/interactive-flat-panel/newline-65in-4k-android-interactive-panel/","false","false","0","text/html","Newline 65-inch Interactive Flat Panel – 4K Android","Newline 65-inch Interactive Flat Panel – 4K Android","https://sashabd.com/interactive-flat-panel/newline-65in-4k-android-interactive-panel/","noindex, follow","Sasha Corporation","","INTENTIONAL REDIRECT","KEEP - VALID INTENTIONAL REDIRECT","HIGH",""
"https://sashabd.com/led-display/rental-display/p4-81-rental-led-display","Page with redirect","2026-07-03","LEGACY URL","out/led-display/rental-display/p4-81-rental-led-display/index.html","301","https://sashabd.com/led-display/rental-display/p4-81-rental-led-display [301] -> https://sashabd.com/led-display/rental-display/p4-81-rental-led-display/ | https://sashabd.com/led-display/rental-display/p4-81-rental-led-display/ [200]","1","https://sashabd.com/led-display/rental-display/p4-81-rental-led-display/","200","true","index, follow","","https://sashabd.com/led-display/rental-display/p4-81-rental-led-display/","https://sashabd.com/led-display/rental-display/p4-81-rental-led-display/","false","false","0","text/html","P4.81 Rental LED Screen","P4.81 Rental LED Display","https://sashabd.com/led-display/rental-display/p4-81-rental-led-display/","index, follow","P4.81 Rental LED Screen","P4.81 Rental LED Display","INTENTIONAL REDIRECT","KEEP - VALID INTENTIONAL REDIRECT","HIGH",""
"https://sashabd.com/control-systems/interactive-flat-panel/newline-86in-4k-collaboration-panel/","Page with redirect","2026-06-29","LEGACY URL","out/control-systems/interactive-flat-panel/newline-86in-4k-collaboration-panel/index.html","301","https://sashabd.com/control-systems/interactive-flat-panel/newline-86in-4k-collaboration-panel/ [301] -> https://sashabd.com/interactive-flat-panel/newline-86in-4k-collaboration-panel/ | https://sashabd.com/interactive-flat-panel/newline-86in-4k-collaboration-panel/ [200]","1","https://sashabd.com/interactive-flat-panel/newline-86in-4k-collaboration-panel/","200","true","index, follow","","https://sashabd.com/interactive-flat-panel/newline-86in-4k-collaboration-panel/","https://sashabd.com/interactive-flat-panel/newline-86in-4k-collaboration-panel/","false","false","0","text/html","Newline 86-inch Interactive Flat Panel – 4K UHD","Newline 86-inch Interactive Flat Panel – 4K UHD","https://sashabd.com/interactive-flat-panel/newline-86in-4k-collaboration-panel/","noindex, follow","Sasha Corporation","","INTENTIONAL REDIRECT","KEEP - VALID INTENTIONAL REDIRECT","HIGH",""
"https://sashabd.com/control-systems/turnstile-gate-system/ai-face-recognition-turnstile-gate/","Page with redirect","2026-06-23","LEGACY URL","out/control-systems/turnstile-gate-system/ai-face-recognition-turnstile-gate/index.html","301","https://sashabd.com/control-systems/turnstile-gate-system/ai-face-recognition-turnstile-gate/ [301] -> https://sashabd.com/turnstile-gate/ai-face-recognition-turnstile-gate/ | https://sashabd.com/turnstile-gate/ai-face-recognition-turnstile-gate/ [200]","1","https://sashabd.com/turnstile-gate/ai-face-recognition-turnstile-gate/","200","true","index, follow","","https://sashabd.com/turnstile-gate/ai-face-recognition-turnstile-gate/","https://sashabd.com/turnstile-gate/ai-face-recognition-turnstile-gate/","false","false","0","text/html","AI Face Recognition Turnstile Gate","AI Face Recognition Turnstile Gate","https://sashabd.com/turnstile-gate/ai-face-recognition-turnstile-gate/","noindex, follow","Sasha Corporation","","INTENTIONAL REDIRECT","KEEP - VALID INTENTIONAL REDIRECT","HIGH",""
"https://sashabd.com/led-display/led-display-screen-price-in-bangladesh/","Page with redirect","2026-06-22","LEGACY URL","out/led-display/led-display-screen-price-in-bangladesh/index.html","301","https://sashabd.com/led-display/led-display-screen-price-in-bangladesh/ [301] -> https://sashabd.com/led-display/ | https://sashabd.com/led-display/ [200]","1","https://sashabd.com/led-display/","200","true","index, follow | index, follow, max-video-preview:-1, max-image-preview:large, max-snippet:-1","","https://sashabd.com/led-display/","","false","false","0","text/html","LED Display Price in Bangladesh 2026","LED Display Price in Bangladesh 2026","","index, follow | index, follow, max-video-preview:-1, max-image-preview:large, max-snippet:-1","LED Display | Bangladesh","","INTENTIONAL REDIRECT","KEEP - VALID INTENTIONAL REDIRECT","HIGH",""
"https://sashabd.com/led-display/digital-led-display-guide/","Page with redirect","2026-06-22","LEGACY URL","out/led-display/digital-led-display-guide/index.html","301","https://sashabd.com/led-display/digital-led-display-guide/ [301] -> https://sashabd.com/led-display/ | https://sashabd.com/led-display/ [200]","1","https://sashabd.com/led-display/","200","true","index, follow | index, follow, max-video-preview:-1, max-image-preview:large, max-snippet:-1","","https://sashabd.com/led-display/","","false","false","0","text/html","LED Display Price in Bangladesh 2026","LED Display Price in Bangladesh 2026","","index, follow | index, follow, max-video-preview:-1, max-image-preview:large, max-snippet:-1","LED Display | Bangladesh","","INTENTIONAL REDIRECT","KEEP - VALID INTENTIONAL REDIRECT","HIGH",""
"https://sashabd.com/led-display/digital-led-display/","Page with redirect","2026-06-22","LEGACY URL","out/led-display/digital-led-display/index.html","301","https://sashabd.com/led-display/digital-led-display/ [301] -> https://sashabd.com/led-display/ | https://sashabd.com/led-display/ [200]","1","https://sashabd.com/led-display/","200","true","index, follow | index, follow, max-video-preview:-1, max-image-preview:large, max-snippet:-1","","https://sashabd.com/led-display/","","false","false","0","text/html","LED Display Price in Bangladesh 2026","LED Display Price in Bangladesh 2026","","index, follow | index, follow, max-video-preview:-1, max-image-preview:large, max-snippet:-1","LED Display | Bangladesh","","INTENTIONAL REDIRECT","KEEP - VALID INTENTIONAL REDIRECT","HIGH",""
"https://sashabd.com/led-display/accessories/receiving-card/hd-r716","Page with redirect","2026-06-17","LEGACY URL","out/led-display/accessories/receiving-card/hd-r716/index.html","301","https://sashabd.com/led-display/accessories/receiving-card/hd-r716 [301] -> https://sashabd.com/led-display/accessories/receiving-card/hd-r716/ | https://sashabd.com/led-display/accessories/receiving-card/hd-r716/ [200]","1","https://sashabd.com/led-display/accessories/receiving-card/hd-r716/","200","true","index, follow","","https://sashabd.com/led-display/accessories/receiving-card/hd-r716/","https://sashabd.com/led-display/accessories/receiving-card/hd-r716/","false","false","0","text/html","Huidu HD-R716 Receiving Card","Huidu HD-R716 Receiving Card","https://sashabd.com/led-display/accessories/receiving-card/hd-r716/","index, follow","Huidu HD-R716 Receiving Card","Huidu HD-R716 Receiving Card","INTENTIONAL REDIRECT","KEEP - VALID INTENTIONAL REDIRECT","HIGH",""
"https://sashabd.com/blog/best-led-video-wall-solutions-for-corporate-offices/","Page with redirect","2026-06-14","LEGACY URL","NO GENERATED HTML ROUTE","301","https://sashabd.com/blog/best-led-video-wall-solutions-for-corporate-offices/ [301] -> https://sashabd.com/blog/best-corporate-office-led-video-wall/ | https://sashabd.com/blog/best-corporate-office-led-video-wall/ [200]","1","https://sashabd.com/blog/best-corporate-office-led-video-wall/","200","true","index, follow | index, follow, max-video-preview:-1, max-image-preview:large, max-snippet:-1","","https://sashabd.com/blog/best-corporate-office-led-video-wall/","","false","false","0","text/html","Best LED Video Wall Solutions for Corporate Offices","Best LED Video Wall Solutions for Corporate Offices","","","","","INTENTIONAL REDIRECT","KEEP - VALID INTENTIONAL REDIRECT","HIGH",""
"https://sashabd.com/led-display/rental-display/p2-6-rental-led-display","Page with redirect","2026-06-12","LEGACY URL","out/led-display/rental-display/p2-6-rental-led-display/index.html","301","https://sashabd.com/led-display/rental-display/p2-6-rental-led-display [301] -> https://sashabd.com/led-display/rental-display/p2-6-rental-led-display/ | https://sashabd.com/led-display/rental-display/p2-6-rental-led-display/ [200]","1","https://sashabd.com/led-display/rental-display/p2-6-rental-led-display/","200","true","index, follow","","https://sashabd.com/led-display/rental-display/p2-6-rental-led-display/","https://sashabd.com/led-display/rental-display/p2-6-rental-led-display/","false","false","0","text/html","P2.6 Rental LED Screen","P2.6 Rental LED Display","https://sashabd.com/led-display/rental-display/p2-6-rental-led-display/","index, follow","P2.6 Rental LED Screen","P2.6 Rental LED Display","INTENTIONAL REDIRECT","KEEP - VALID INTENTIONAL REDIRECT","HIGH",""
"https://sashabd.com/blog/led-display-installation-guide","Page with redirect","2026-06-10","LEGACY URL","out/blog/led-display-installation-guide/index.html","301","https://sashabd.com/blog/led-display-installation-guide [301] -> https://sashabd.com/blog/led-display-installation-guide/ | https://sashabd.com/blog/led-display-installation-guide/ [200]","1","https://sashabd.com/blog/led-display-installation-guide/","200","true","index, follow | index, follow, max-video-preview:-1, max-image-preview:large, max-snippet:-1","","https://sashabd.com/blog/led-display-installation-guide/","https://sashabd.com/blog/led-display-installation-guide/","false","false","0","text/html","LED Display Installation Guide","LED Display Installation Guide","https://sashabd.com/blog/led-display-installation-guide/","index, follow | index, follow, max-video-preview:-1, max-image-preview:large, max-snippet:-1","LED Display Installation Guide","LED Display Installation Guide","INTENTIONAL REDIRECT","KEEP - VALID INTENTIONAL REDIRECT","HIGH",""
"https://sashabd.com/led-display/indoor-led-video-wall-guide/","Page with redirect","2026-06-08","LEGACY URL","out/led-display/indoor-led-video-wall-guide/index.html","301","https://sashabd.com/led-display/indoor-led-video-wall-guide/ [301] -> https://sashabd.com/led-display/indoor-led-video-wall-bangladesh/ | https://sashabd.com/led-display/indoor-led-video-wall-bangladesh/ [200]","1","https://sashabd.com/led-display/indoor-led-video-wall-bangladesh/","200","true","index, follow","","https://sashabd.com/led-display/indoor-led-video-wall-bangladesh/","","false","false","0","text/html","Indoor LED Video Wall in Bangladesh | Showroom &amp; Shop","Indoor LED Video Wall","","index, follow | index, follow, max-video-preview:-1, max-image-preview:large, max-snippet:-1","LED Display | Bangladesh","","INTENTIONAL REDIRECT","KEEP - VALID INTENTIONAL REDIRECT","HIGH",""
"https://sashabd.com/return-policy","Page with redirect","2026-06-06","LEGACY URL","out/return-policy/index.html","301","https://sashabd.com/return-policy [301] -> https://sashabd.com/return-policy/ | https://sashabd.com/return-policy/ [200]","1","https://sashabd.com/return-policy/","200","true","index, follow | index, follow, max-video-preview:-1, max-image-preview:large, max-snippet:-1","","https://sashabd.com/return-policy/","https://sashabd.com/return-policy/","false","false","0","text/html","Return Policy","Return Policy","https://sashabd.com/return-policy/","index, follow | index, follow, max-video-preview:-1, max-image-preview:large, max-snippet:-1","Return Policy","Return Policy","INTENTIONAL REDIRECT","KEEP - VALID INTENTIONAL REDIRECT","HIGH",""
"https://sashabd.com/led-display/accessories/power-supply/5v-20a-smps","Page with redirect","2026-06-01","LEGACY URL","out/led-display/accessories/power-supply/5v-20a-smps/index.html","301","https://sashabd.com/led-display/accessories/power-supply/5v-20a-smps [301] -> https://sashabd.com/led-display/accessories/power-supply/5v-20a-smps/ | https://sashabd.com/led-display/accessories/power-supply/5v-20a-smps/ [200]","1","https://sashabd.com/led-display/accessories/power-supply/5v-20a-smps/","200","true","index, follow","","https://sashabd.com/led-display/accessories/power-supply/5v-20a-smps/","https://sashabd.com/led-display/accessories/power-supply/5v-20a-smps/","false","false","0","text/html","5V 20A DC Switch Mode Power Supply (SMPS)","5V 20A DC Switch Mode Power Supply (SMPS)","https://sashabd.com/led-display/accessories/power-supply/5v-20a-smps/","index, follow","5V 20A DC Switch Mode Power Supply (SMPS)","5V 20A DC Switch Mode Power Supply (SMPS)","INTENTIONAL REDIRECT","KEEP - VALID INTENTIONAL REDIRECT","HIGH",""
"https://sashabd.com/blog/best-corporate-office-led-video-wall","Page with redirect","2026-06-01","LEGACY URL","out/blog/best-corporate-office-led-video-wall/index.html","301","https://sashabd.com/blog/best-corporate-office-led-video-wall [301] -> https://sashabd.com/blog/best-corporate-office-led-video-wall/ | https://sashabd.com/blog/best-corporate-office-led-video-wall/ [200]","1","https://sashabd.com/blog/best-corporate-office-led-video-wall/","200","true","index, follow | index, follow, max-video-preview:-1, max-image-preview:large, max-snippet:-1","","https://sashabd.com/blog/best-corporate-office-led-video-wall/","https://sashabd.com/blog/best-corporate-office-led-video-wall/","false","false","0","text/html","Best LED Video Wall Solutions for Corporate Offices","Best LED Video Wall Solutions for Corporate Offices","https://sashabd.com/blog/best-corporate-office-led-video-wall/","index, follow | index, follow, max-video-preview:-1, max-image-preview:large, max-snippet:-1","Best LED Video Wall Solutions for Corporate Offices","Best LED Video Wall Solutions for Corporate Offices","INTENTIONAL REDIRECT","KEEP - VALID INTENTIONAL REDIRECT","HIGH",""
"https://sashabd.com/terms","Page with redirect","2026-05-31","LEGACY URL","out/terms/index.html","301","https://sashabd.com/terms [301] -> https://sashabd.com/terms/ | https://sashabd.com/terms/ [200]","1","https://sashabd.com/terms/","200","true","index, follow | index, follow, max-video-preview:-1, max-image-preview:large, max-snippet:-1","","https://sashabd.com/terms/","https://sashabd.com/terms/","false","false","0","text/html","Terms &amp; Conditions","Terms and Conditions","https://sashabd.com/terms/","index, follow | index, follow, max-video-preview:-1, max-image-preview:large, max-snippet:-1","Terms &amp; Conditions","Terms and Conditions","INTENTIONAL REDIRECT","KEEP - VALID INTENTIONAL REDIRECT","HIGH",""
"https://sashabd.com/blog/indoor-vs-outdoor-led-display-which-one-is-better","Page with redirect","2026-05-31","LEGACY URL","out/blog/indoor-vs-outdoor-led-display-which-one-is-better/index.html","301","https://sashabd.com/blog/indoor-vs-outdoor-led-display-which-one-is-better [301] -> https://sashabd.com/blog/indoor-vs-outdoor-led-display-which-one-is-better/ | https://sashabd.com/blog/indoor-vs-outdoor-led-display-which-one-is-better/ [200]","1","https://sashabd.com/blog/indoor-vs-outdoor-led-display-which-one-is-better/","200","true","index, follow | index, follow, max-video-preview:-1, max-image-preview:large, max-snippet:-1","","https://sashabd.com/blog/indoor-vs-outdoor-led-display-which-one-is-better/","https://sashabd.com/blog/indoor-vs-outdoor-led-display-which-one-is-better/","false","false","0","text/html","Indoor vs Outdoor LED Display - Which One is Better?","Indoor vs Outdoor LED Display - Which One is Better?","https://sashabd.com/blog/indoor-vs-outdoor-led-display-which-one-is-better/","index, follow | index, follow, max-video-preview:-1, max-image-preview:large, max-snippet:-1","Indoor vs Outdoor LED Display - Which One is Better?","Indoor vs Outdoor LED Display - Which One is Better?","INTENTIONAL REDIRECT","KEEP - VALID INTENTIONAL REDIRECT","HIGH",""
"https://sashabd.com/led-display/accessories/controller/huidu-hd-a5l","Page with redirect","2026-05-24","LEGACY URL","out/led-display/accessories/controller/huidu-hd-a5l/index.html","301","https://sashabd.com/led-display/accessories/controller/huidu-hd-a5l [301] -> https://sashabd.com/led-display/accessories/controller/huidu-hd-a5l/ | https://sashabd.com/led-display/accessories/controller/huidu-hd-a5l/ [200]","1","https://sashabd.com/led-display/accessories/controller/huidu-hd-a5l/","200","true","index, follow","","https://sashabd.com/led-display/accessories/controller/huidu-hd-a5l/","https://sashabd.com/led-display/accessories/controller/huidu-hd-a5l/","false","false","0","text/html","Huidu HD A5L LED Controller","Huidu HD A5L LED Controller","https://sashabd.com/led-display/accessories/controller/huidu-hd-a5l/","index, follow","Huidu HD A5L LED Controller","Huidu HD A5L LED Controller","INTENTIONAL REDIRECT","KEEP - VALID INTENTIONAL REDIRECT","HIGH",""
"https://sashabd.com/blog/led-display-vs-lcd-video-wall/","Page with redirect","2026-05-24","LEGACY URL","NO GENERATED HTML ROUTE","301","https://sashabd.com/blog/led-display-vs-lcd-video-wall/ [301] -> https://sashabd.com/blog/led-vs-lcd-video-wall/ | https://sashabd.com/blog/led-vs-lcd-video-wall/ [200]","1","https://sashabd.com/blog/led-vs-lcd-video-wall/","200","true","index, follow | index, follow, max-video-preview:-1, max-image-preview:large, max-snippet:-1","","https://sashabd.com/blog/led-vs-lcd-video-wall/","","false","false","0","text/html","LED Display vs LCD Video Wall","LED Display vs LCD Video Wall","","","","","INTENTIONAL REDIRECT","KEEP - VALID INTENTIONAL REDIRECT","HIGH",""
"https://sashabd.com/led-display/rental/p4-81-rental-led-display/","Page with redirect","2026-05-11","LEGACY URL","out/led-display/rental/p4-81-rental-led-display/index.html","301","https://sashabd.com/led-display/rental/p4-81-rental-led-display/ [301] -> https://sashabd.com/led-display/rental-display/p4-81-rental-led-display/ | https://sashabd.com/led-display/rental-display/p4-81-rental-led-display/ [200]","1","https://sashabd.com/led-display/rental-display/p4-81-rental-led-display/","200","true","index, follow","","https://sashabd.com/led-display/rental-display/p4-81-rental-led-display/","","false","false","0","text/html","P4.81 Rental LED Screen","P4.81 Rental LED Display","","index, follow | index, follow, max-video-preview:-1, max-image-preview:large, max-snippet:-1","LED Display | Bangladesh","","INTENTIONAL REDIRECT","KEEP - VALID INTENTIONAL REDIRECT","HIGH",""
"https://sashabd.com/led-display/rental/p2-6-rental-led-display/","Page with redirect","2026-05-10","LEGACY URL","out/led-display/rental/p2-6-rental-led-display/index.html","301","https://sashabd.com/led-display/rental/p2-6-rental-led-display/ [301] -> https://sashabd.com/led-display/rental-display/p2-6-rental-led-display/ | https://sashabd.com/led-display/rental-display/p2-6-rental-led-display/ [200]","1","https://sashabd.com/led-display/rental-display/p2-6-rental-led-display/","200","true","index, follow","","https://sashabd.com/led-display/rental-display/p2-6-rental-led-display/","","false","false","0","text/html","P2.6 Rental LED Screen","P2.6 Rental LED Display","","index, follow | index, follow, max-video-preview:-1, max-image-preview:large, max-snippet:-1","LED Display | Bangladesh","","INTENTIONAL REDIRECT","KEEP - VALID INTENTIONAL REDIRECT","HIGH",""
"https://sashabd.com/?m=108075082011840","Page with redirect","2026-05-01","PARAMETER/ALTERNATE URL","out/index.html","200","https://sashabd.com/?m=108075082011840 [200]","0","https://sashabd.com/?m=108075082011840","200","true","index, follow | index, follow, max-video-preview:-1, max-image-preview:large, max-snippet:-1","","https://sashabd.com/","https://sashabd.com/","false","false","0","text/html","Sasha Corporation","Sasha Corporation - Smart technology solutions in Bangladesh","https://sashabd.com/","index, follow | index, follow, max-video-preview:-1, max-image-preview:large, max-snippet:-1","Sasha Corporation","Sasha Corporation - Smart technology solutions in Bangladesh","INTENTIONAL ALTERNATE","KEEP VALID CANONICAL EXCLUSION; CURRENT SOURCE STRIPS THE m QUERY AFTER DEPLOYMENT","HIGH",""
"https://sashabd.com/?m=57107159001840","Page with redirect","2026-05-01","PARAMETER/ALTERNATE URL","out/index.html","200","https://sashabd.com/?m=57107159001840 [200]","0","https://sashabd.com/?m=57107159001840","200","true","index, follow | index, follow, max-video-preview:-1, max-image-preview:large, max-snippet:-1","","https://sashabd.com/","https://sashabd.com/","false","false","0","text/html","Sasha Corporation","Sasha Corporation - Smart technology solutions in Bangladesh","https://sashabd.com/","index, follow | index, follow, max-video-preview:-1, max-image-preview:large, max-snippet:-1","Sasha Corporation","Sasha Corporation - Smart technology solutions in Bangladesh","INTENTIONAL ALTERNATE","KEEP VALID CANONICAL EXCLUSION; CURRENT SOURCE STRIPS THE m QUERY AFTER DEPLOYMENT","HIGH",""
"https://sashabd.com/?m=78796290061840","Page with redirect","2026-04-29","PARAMETER/ALTERNATE URL","out/index.html","200","https://sashabd.com/?m=78796290061840 [200]","0","https://sashabd.com/?m=78796290061840","200","true","index, follow | index, follow, max-video-preview:-1, max-image-preview:large, max-snippet:-1","","https://sashabd.com/","https://sashabd.com/","false","false","0","text/html","Sasha Corporation","Sasha Corporation - Smart technology solutions in Bangladesh","https://sashabd.com/","index, follow | index, follow, max-video-preview:-1, max-image-preview:large, max-snippet:-1","Sasha Corporation","Sasha Corporation - Smart technology solutions in Bangladesh","INTENTIONAL ALTERNATE","KEEP VALID CANONICAL EXCLUSION; CURRENT SOURCE STRIPS THE m QUERY AFTER DEPLOYMENT","HIGH",""
"https://sashabd.com/?m=34431148001840","Page with redirect","2026-04-29","PARAMETER/ALTERNATE URL","out/index.html","200","https://sashabd.com/?m=34431148001840 [200]","0","https://sashabd.com/?m=34431148001840","200","true","index, follow | index, follow, max-video-preview:-1, max-image-preview:large, max-snippet:-1","","https://sashabd.com/","https://sashabd.com/","false","false","0","text/html","Sasha Corporation","Sasha Corporation - Smart technology solutions in Bangladesh","https://sashabd.com/","index, follow | index, follow, max-video-preview:-1, max-image-preview:large, max-snippet:-1","Sasha Corporation","Sasha Corporation - Smart technology solutions in Bangladesh","INTENTIONAL ALTERNATE","KEEP VALID CANONICAL EXCLUSION; CURRENT SOURCE STRIPS THE m QUERY AFTER DEPLOYMENT","HIGH",""
"https://sashabd.com/?m=77356682021840","Page with redirect","2026-04-29","PARAMETER/ALTERNATE URL","out/index.html","200","https://sashabd.com/?m=77356682021840 [200]","0","https://sashabd.com/?m=77356682021840","200","true","index, follow | index, follow, max-video-preview:-1, max-image-preview:large, max-snippet:-1","","https://sashabd.com/","https://sashabd.com/","false","false","0","text/html","Sasha Corporation","Sasha Corporation - Smart technology solutions in Bangladesh","https://sashabd.com/","index, follow | index, follow, max-video-preview:-1, max-image-preview:large, max-snippet:-1","Sasha Corporation","Sasha Corporation - Smart technology solutions in Bangladesh","INTENTIONAL ALTERNATE","KEEP VALID CANONICAL EXCLUSION; CURRENT SOURCE STRIPS THE m QUERY AFTER DEPLOYMENT","HIGH",""
"https://sashabd.com/?m=3120286041840","Page with redirect","2026-04-29","PARAMETER/ALTERNATE URL","out/index.html","200","https://sashabd.com/?m=3120286041840 [200]","0","https://sashabd.com/?m=3120286041840","200","true","index, follow | index, follow, max-video-preview:-1, max-image-preview:large, max-snippet:-1","","https://sashabd.com/","https://sashabd.com/","false","false","0","text/html","Sasha Corporation","Sasha Corporation - Smart technology solutions in Bangladesh","https://sashabd.com/","index, follow | index, follow, max-video-preview:-1, max-image-preview:large, max-snippet:-1","Sasha Corporation","Sasha Corporation - Smart technology solutions in Bangladesh","INTENTIONAL ALTERNATE","KEEP VALID CANONICAL EXCLUSION; CURRENT SOURCE STRIPS THE m QUERY AFTER DEPLOYMENT","HIGH",""
"https://sashabd.com/?m=69629199041840","Page with redirect","2026-04-29","PARAMETER/ALTERNATE URL","out/index.html","200","https://sashabd.com/?m=69629199041840 [200]","0","https://sashabd.com/?m=69629199041840","200","true","index, follow | index, follow, max-video-preview:-1, max-image-preview:large, max-snippet:-1","","https://sashabd.com/","https://sashabd.com/","false","false","0","text/html","Sasha Corporation","Sasha Corporation - Smart technology solutions in Bangladesh","https://sashabd.com/","index, follow | index, follow, max-video-preview:-1, max-image-preview:large, max-snippet:-1","Sasha Corporation","Sasha Corporation - Smart technology solutions in Bangladesh","INTENTIONAL ALTERNATE","KEEP VALID CANONICAL EXCLUSION; CURRENT SOURCE STRIPS THE m QUERY AFTER DEPLOYMENT","HIGH",""
"https://sashabd.com/?m=99808998091840","Page with redirect","2026-04-29","PARAMETER/ALTERNATE URL","out/index.html","200","https://sashabd.com/?m=99808998091840 [200]","0","https://sashabd.com/?m=99808998091840","200","true","index, follow | index, follow, max-video-preview:-1, max-image-preview:large, max-snippet:-1","","https://sashabd.com/","https://sashabd.com/","false","false","0","text/html","Sasha Corporation","Sasha Corporation - Smart technology solutions in Bangladesh","https://sashabd.com/","index, follow | index, follow, max-video-preview:-1, max-image-preview:large, max-snippet:-1","Sasha Corporation","Sasha Corporation - Smart technology solutions in Bangladesh","INTENTIONAL ALTERNATE","KEEP VALID CANONICAL EXCLUSION; CURRENT SOURCE STRIPS THE m QUERY AFTER DEPLOYMENT","HIGH",""
"https://sashabd.com/?m=34770489061840","Page with redirect","2026-04-29","PARAMETER/ALTERNATE URL","out/index.html","200","https://sashabd.com/?m=34770489061840 [200]","0","https://sashabd.com/?m=34770489061840","200","true","index, follow | index, follow, max-video-preview:-1, max-image-preview:large, max-snippet:-1","","https://sashabd.com/","https://sashabd.com/","false","false","0","text/html","Sasha Corporation","Sasha Corporation - Smart technology solutions in Bangladesh","https://sashabd.com/","index, follow | index, follow, max-video-preview:-1, max-image-preview:large, max-snippet:-1","Sasha Corporation","Sasha Corporation - Smart technology solutions in Bangladesh","INTENTIONAL ALTERNATE","KEEP VALID CANONICAL EXCLUSION; CURRENT SOURCE STRIPS THE m QUERY AFTER DEPLOYMENT","HIGH",""
"https://sashabd.com/led-display/led-screen-rent-in-bangladesh/","Page with redirect","2026-04-28","LEGACY URL","out/led-display/led-screen-rent-in-bangladesh/index.html","301","https://sashabd.com/led-display/led-screen-rent-in-bangladesh/ [301] -> https://sashabd.com/led-display/rent-guide/ | https://sashabd.com/led-display/rent-guide/ [200]","1","https://sashabd.com/led-display/rent-guide/","200","true","index, follow","","https://sashabd.com/led-display/rent-guide/","","false","false","0","text/html","LED Screen Rent in Bangladesh","LED Screen Rent in Bangladesh","","index, follow | index, follow, max-video-preview:-1, max-image-preview:large, max-snippet:-1","LED Display | Bangladesh","","INTENTIONAL REDIRECT","KEEP - VALID INTENTIONAL REDIRECT","HIGH",""
"https://sashabd.com/?m=104618489041840","Page with redirect","2026-04-28","PARAMETER/ALTERNATE URL","out/index.html","200","https://sashabd.com/?m=104618489041840 [200]","0","https://sashabd.com/?m=104618489041840","200","true","index, follow | index, follow, max-video-preview:-1, max-image-preview:large, max-snippet:-1","","https://sashabd.com/","https://sashabd.com/","false","false","0","text/html","Sasha Corporation","Sasha Corporation - Smart technology solutions in Bangladesh","https://sashabd.com/","index, follow | index, follow, max-video-preview:-1, max-image-preview:large, max-snippet:-1","Sasha Corporation","Sasha Corporation - Smart technology solutions in Bangladesh","INTENTIONAL ALTERNATE","KEEP VALID CANONICAL EXCLUSION; CURRENT SOURCE STRIPS THE m QUERY AFTER DEPLOYMENT","HIGH",""
"https://sashabd.com/?m=59270650021840","Page with redirect","2026-04-28","PARAMETER/ALTERNATE URL","out/index.html","200","https://sashabd.com/?m=59270650021840 [200]","0","https://sashabd.com/?m=59270650021840","200","true","index, follow | index, follow, max-video-preview:-1, max-image-preview:large, max-snippet:-1","","https://sashabd.com/","https://sashabd.com/","false","false","0","text/html","Sasha Corporation","Sasha Corporation - Smart technology solutions in Bangladesh","https://sashabd.com/","index, follow | index, follow, max-video-preview:-1, max-image-preview:large, max-snippet:-1","Sasha Corporation","Sasha Corporation - Smart technology solutions in Bangladesh","INTENTIONAL ALTERNATE","KEEP VALID CANONICAL EXCLUSION; CURRENT SOURCE STRIPS THE m QUERY AFTER DEPLOYMENT","HIGH",""
"https://sashabd.com/?m=33615474051840","Page with redirect","2026-04-27","PARAMETER/ALTERNATE URL","out/index.html","200","https://sashabd.com/?m=33615474051840 [200]","0","https://sashabd.com/?m=33615474051840","200","true","index, follow | index, follow, max-video-preview:-1, max-image-preview:large, max-snippet:-1","","https://sashabd.com/","https://sashabd.com/","false","false","0","text/html","Sasha Corporation","Sasha Corporation - Smart technology solutions in Bangladesh","https://sashabd.com/","index, follow | index, follow, max-video-preview:-1, max-image-preview:large, max-snippet:-1","Sasha Corporation","Sasha Corporation - Smart technology solutions in Bangladesh","INTENTIONAL ALTERNATE","KEEP VALID CANONICAL EXCLUSION; CURRENT SOURCE STRIPS THE m QUERY AFTER DEPLOYMENT","HIGH",""
"https://sashabd.com/?m=7131535011840","Page with redirect","2026-04-27","PARAMETER/ALTERNATE URL","out/index.html","200","https://sashabd.com/?m=7131535011840 [200]","0","https://sashabd.com/?m=7131535011840","200","true","index, follow | index, follow, max-video-preview:-1, max-image-preview:large, max-snippet:-1","","https://sashabd.com/","https://sashabd.com/","false","false","0","text/html","Sasha Corporation","Sasha Corporation - Smart technology solutions in Bangladesh","https://sashabd.com/","index, follow | index, follow, max-video-preview:-1, max-image-preview:large, max-snippet:-1","Sasha Corporation","Sasha Corporation - Smart technology solutions in Bangladesh","INTENTIONAL ALTERNATE","KEEP VALID CANONICAL EXCLUSION; CURRENT SOURCE STRIPS THE m QUERY AFTER DEPLOYMENT","HIGH",""
"https://sashabd.com/?m=116587118101840","Page with redirect","2026-04-27","PARAMETER/ALTERNATE URL","out/index.html","200","https://sashabd.com/?m=116587118101840 [200]","0","https://sashabd.com/?m=116587118101840","200","true","index, follow | index, follow, max-video-preview:-1, max-image-preview:large, max-snippet:-1","","https://sashabd.com/","https://sashabd.com/","false","false","0","text/html","Sasha Corporation","Sasha Corporation - Smart technology solutions in Bangladesh","https://sashabd.com/","index, follow | index, follow, max-video-preview:-1, max-image-preview:large, max-snippet:-1","Sasha Corporation","Sasha Corporation - Smart technology solutions in Bangladesh","INTENTIONAL ALTERNATE","KEEP VALID CANONICAL EXCLUSION; CURRENT SOURCE STRIPS THE m QUERY AFTER DEPLOYMENT","HIGH",""
"https://sashabd.com/?m=65584728031840","Page with redirect","2026-04-27","PARAMETER/ALTERNATE URL","out/index.html","200","https://sashabd.com/?m=65584728031840 [200]","0","https://sashabd.com/?m=65584728031840","200","true","index, follow | index, follow, max-video-preview:-1, max-image-preview:large, max-snippet:-1","","https://sashabd.com/","https://sashabd.com/","false","false","0","text/html","Sasha Corporation","Sasha Corporation - Smart technology solutions in Bangladesh","https://sashabd.com/","index, follow | index, follow, max-video-preview:-1, max-image-preview:large, max-snippet:-1","Sasha Corporation","Sasha Corporation - Smart technology solutions in Bangladesh","INTENTIONAL ALTERNATE","KEEP VALID CANONICAL EXCLUSION; CURRENT SOURCE STRIPS THE m QUERY AFTER DEPLOYMENT","HIGH",""
"https://sashabd.com/?m=75704209001840","Page with redirect","2026-04-27","PARAMETER/ALTERNATE URL","out/index.html","200","https://sashabd.com/?m=75704209001840 [200]","0","https://sashabd.com/?m=75704209001840","200","true","index, follow | index, follow, max-video-preview:-1, max-image-preview:large, max-snippet:-1","","https://sashabd.com/","https://sashabd.com/","false","false","0","text/html","Sasha Corporation","Sasha Corporation - Smart technology solutions in Bangladesh","https://sashabd.com/","index, follow | index, follow, max-video-preview:-1, max-image-preview:large, max-snippet:-1","Sasha Corporation","Sasha Corporation - Smart technology solutions in Bangladesh","INTENTIONAL ALTERNATE","KEEP VALID CANONICAL EXCLUSION; CURRENT SOURCE STRIPS THE m QUERY AFTER DEPLOYMENT","HIGH",""
"https://sashabd.com/?m=101326567061840","Page with redirect","2026-04-27","PARAMETER/ALTERNATE URL","out/index.html","200","https://sashabd.com/?m=101326567061840 [200]","0","https://sashabd.com/?m=101326567061840","200","true","index, follow | index, follow, max-video-preview:-1, max-image-preview:large, max-snippet:-1","","https://sashabd.com/","https://sashabd.com/","false","false","0","text/html","Sasha Corporation","Sasha Corporation - Smart technology solutions in Bangladesh","https://sashabd.com/","index, follow | index, follow, max-video-preview:-1, max-image-preview:large, max-snippet:-1","Sasha Corporation","Sasha Corporation - Smart technology solutions in Bangladesh","INTENTIONAL ALTERNATE","KEEP VALID CANONICAL EXCLUSION; CURRENT SOURCE STRIPS THE m QUERY AFTER DEPLOYMENT","HIGH",""
"https://sashabd.com/?m=117557725011840","Page with redirect","2026-04-27","PARAMETER/ALTERNATE URL","out/index.html","200","https://sashabd.com/?m=117557725011840 [200]","0","https://sashabd.com/?m=117557725011840","200","true","index, follow | index, follow, max-video-preview:-1, max-image-preview:large, max-snippet:-1","","https://sashabd.com/","https://sashabd.com/","false","false","0","text/html","Sasha Corporation","Sasha Corporation - Smart technology solutions in Bangladesh","https://sashabd.com/","index, follow | index, follow, max-video-preview:-1, max-image-preview:large, max-snippet:-1","Sasha Corporation","Sasha Corporation - Smart technology solutions in Bangladesh","INTENTIONAL ALTERNATE","KEEP VALID CANONICAL EXCLUSION; CURRENT SOURCE STRIPS THE m QUERY AFTER DEPLOYMENT","HIGH",""
"https://sashabd.com/?m=12769889141840","Page with redirect","2026-04-27","PARAMETER/ALTERNATE URL","out/index.html","200","https://sashabd.com/?m=12769889141840 [200]","0","https://sashabd.com/?m=12769889141840","200","true","index, follow | index, follow, max-video-preview:-1, max-image-preview:large, max-snippet:-1","","https://sashabd.com/","https://sashabd.com/","false","false","0","text/html","Sasha Corporation","Sasha Corporation - Smart technology solutions in Bangladesh","https://sashabd.com/","index, follow | index, follow, max-video-preview:-1, max-image-preview:large, max-snippet:-1","Sasha Corporation","Sasha Corporation - Smart technology solutions in Bangladesh","INTENTIONAL ALTERNATE","KEEP VALID CANONICAL EXCLUSION; CURRENT SOURCE STRIPS THE m QUERY AFTER DEPLOYMENT","HIGH",""
"https://sashabd.com/?m=12830838061840","Page with redirect","2026-04-27","PARAMETER/ALTERNATE URL","out/index.html","200","https://sashabd.com/?m=12830838061840 [200]","0","https://sashabd.com/?m=12830838061840","200","true","index, follow | index, follow, max-video-preview:-1, max-image-preview:large, max-snippet:-1","","https://sashabd.com/","https://sashabd.com/","false","false","0","text/html","Sasha Corporation","Sasha Corporation - Smart technology solutions in Bangladesh","https://sashabd.com/","index, follow | index, follow, max-video-preview:-1, max-image-preview:large, max-snippet:-1","Sasha Corporation","Sasha Corporation - Smart technology solutions in Bangladesh","INTENTIONAL ALTERNATE","KEEP VALID CANONICAL EXCLUSION; CURRENT SOURCE STRIPS THE m QUERY AFTER DEPLOYMENT","HIGH",""
"https://sashabd.com/?m=15126017041840","Page with redirect","2026-04-27","PARAMETER/ALTERNATE URL","out/index.html","200","https://sashabd.com/?m=15126017041840 [200]","0","https://sashabd.com/?m=15126017041840","200","true","index, follow | index, follow, max-video-preview:-1, max-image-preview:large, max-snippet:-1","","https://sashabd.com/","https://sashabd.com/","false","false","0","text/html","Sasha Corporation","Sasha Corporation - Smart technology solutions in Bangladesh","https://sashabd.com/","index, follow | index, follow, max-video-preview:-1, max-image-preview:large, max-snippet:-1","Sasha Corporation","Sasha Corporation - Smart technology solutions in Bangladesh","INTENTIONAL ALTERNATE","KEEP VALID CANONICAL EXCLUSION; CURRENT SOURCE STRIPS THE m QUERY AFTER DEPLOYMENT","HIGH",""
"https://sashabd.com/?m=28395448031840","Page with redirect","2026-04-27","PARAMETER/ALTERNATE URL","out/index.html","200","https://sashabd.com/?m=28395448031840 [200]","0","https://sashabd.com/?m=28395448031840","200","true","index, follow | index, follow, max-video-preview:-1, max-image-preview:large, max-snippet:-1","","https://sashabd.com/","https://sashabd.com/","false","false","0","text/html","Sasha Corporation","Sasha Corporation - Smart technology solutions in Bangladesh","https://sashabd.com/","index, follow | index, follow, max-video-preview:-1, max-image-preview:large, max-snippet:-1","Sasha Corporation","Sasha Corporation - Smart technology solutions in Bangladesh","INTENTIONAL ALTERNATE","KEEP VALID CANONICAL EXCLUSION; CURRENT SOURCE STRIPS THE m QUERY AFTER DEPLOYMENT","HIGH",""
"https://sashabd.com/?m=28443443021840","Page with redirect","2026-04-27","PARAMETER/ALTERNATE URL","out/index.html","200","https://sashabd.com/?m=28443443021840 [200]","0","https://sashabd.com/?m=28443443021840","200","true","index, follow | index, follow, max-video-preview:-1, max-image-preview:large, max-snippet:-1","","https://sashabd.com/","https://sashabd.com/","false","false","0","text/html","Sasha Corporation","Sasha Corporation - Smart technology solutions in Bangladesh","https://sashabd.com/","index, follow | index, follow, max-video-preview:-1, max-image-preview:large, max-snippet:-1","Sasha Corporation","Sasha Corporation - Smart technology solutions in Bangladesh","INTENTIONAL ALTERNATE","KEEP VALID CANONICAL EXCLUSION; CURRENT SOURCE STRIPS THE m QUERY AFTER DEPLOYMENT","HIGH",""
"https://sashabd.com/?m=34116775001840","Page with redirect","2026-04-27","PARAMETER/ALTERNATE URL","out/index.html","200","https://sashabd.com/?m=34116775001840 [200]","0","https://sashabd.com/?m=34116775001840","200","true","index, follow | index, follow, max-video-preview:-1, max-image-preview:large, max-snippet:-1","","https://sashabd.com/","https://sashabd.com/","false","false","0","text/html","Sasha Corporation","Sasha Corporation - Smart technology solutions in Bangladesh","https://sashabd.com/","index, follow | index, follow, max-video-preview:-1, max-image-preview:large, max-snippet:-1","Sasha Corporation","Sasha Corporation - Smart technology solutions in Bangladesh","INTENTIONAL ALTERNATE","KEEP VALID CANONICAL EXCLUSION; CURRENT SOURCE STRIPS THE m QUERY AFTER DEPLOYMENT","HIGH",""
"https://sashabd.com/?m=49807517091840","Page with redirect","2026-04-27","PARAMETER/ALTERNATE URL","out/index.html","200","https://sashabd.com/?m=49807517091840 [200]","0","https://sashabd.com/?m=49807517091840","200","true","index, follow | index, follow, max-video-preview:-1, max-image-preview:large, max-snippet:-1","","https://sashabd.com/","https://sashabd.com/","false","false","0","text/html","Sasha Corporation","Sasha Corporation - Smart technology solutions in Bangladesh","https://sashabd.com/","index, follow | index, follow, max-video-preview:-1, max-image-preview:large, max-snippet:-1","Sasha Corporation","Sasha Corporation - Smart technology solutions in Bangladesh","INTENTIONAL ALTERNATE","KEEP VALID CANONICAL EXCLUSION; CURRENT SOURCE STRIPS THE m QUERY AFTER DEPLOYMENT","HIGH",""
"https://sashabd.com/?m=7130818011840","Page with redirect","2026-04-27","PARAMETER/ALTERNATE URL","out/index.html","200","https://sashabd.com/?m=7130818011840 [200]","0","https://sashabd.com/?m=7130818011840","200","true","index, follow | index, follow, max-video-preview:-1, max-image-preview:large, max-snippet:-1","","https://sashabd.com/","https://sashabd.com/","false","false","0","text/html","Sasha Corporation","Sasha Corporation - Smart technology solutions in Bangladesh","https://sashabd.com/","index, follow | index, follow, max-video-preview:-1, max-image-preview:large, max-snippet:-1","Sasha Corporation","Sasha Corporation - Smart technology solutions in Bangladesh","INTENTIONAL ALTERNATE","KEEP VALID CANONICAL EXCLUSION; CURRENT SOURCE STRIPS THE m QUERY AFTER DEPLOYMENT","HIGH",""
"https://sashabd.com/?m=75968753031840","Page with redirect","2026-04-27","PARAMETER/ALTERNATE URL","out/index.html","200","https://sashabd.com/?m=75968753031840 [200]","0","https://sashabd.com/?m=75968753031840","200","true","index, follow | index, follow, max-video-preview:-1, max-image-preview:large, max-snippet:-1","","https://sashabd.com/","https://sashabd.com/","false","false","0","text/html","Sasha Corporation","Sasha Corporation - Smart technology solutions in Bangladesh","https://sashabd.com/","index, follow | index, follow, max-video-preview:-1, max-image-preview:large, max-snippet:-1","Sasha Corporation","Sasha Corporation - Smart technology solutions in Bangladesh","INTENTIONAL ALTERNATE","KEEP VALID CANONICAL EXCLUSION; CURRENT SOURCE STRIPS THE m QUERY AFTER DEPLOYMENT","HIGH",""
"https://sashabd.com/?m=76040448021840","Page with redirect","2026-04-27","PARAMETER/ALTERNATE URL","out/index.html","200","https://sashabd.com/?m=76040448021840 [200]","0","https://sashabd.com/?m=76040448021840","200","true","index, follow | index, follow, max-video-preview:-1, max-image-preview:large, max-snippet:-1","","https://sashabd.com/","https://sashabd.com/","false","false","0","text/html","Sasha Corporation","Sasha Corporation - Smart technology solutions in Bangladesh","https://sashabd.com/","index, follow | index, follow, max-video-preview:-1, max-image-preview:large, max-snippet:-1","Sasha Corporation","Sasha Corporation - Smart technology solutions in Bangladesh","INTENTIONAL ALTERNATE","KEEP VALID CANONICAL EXCLUSION; CURRENT SOURCE STRIPS THE m QUERY AFTER DEPLOYMENT","HIGH",""
"https://sashabd.com/?m=85972202031840","Page with redirect","2026-04-27","PARAMETER/ALTERNATE URL","out/index.html","200","https://sashabd.com/?m=85972202031840 [200]","0","https://sashabd.com/?m=85972202031840","200","true","index, follow | index, follow, max-video-preview:-1, max-image-preview:large, max-snippet:-1","","https://sashabd.com/","https://sashabd.com/","false","false","0","text/html","Sasha Corporation","Sasha Corporation - Smart technology solutions in Bangladesh","https://sashabd.com/","index, follow | index, follow, max-video-preview:-1, max-image-preview:large, max-snippet:-1","Sasha Corporation","Sasha Corporation - Smart technology solutions in Bangladesh","INTENTIONAL ALTERNATE","KEEP VALID CANONICAL EXCLUSION; CURRENT SOURCE STRIPS THE m QUERY AFTER DEPLOYMENT","HIGH",""
"https://sashabd.com/?m=23199987051840","Page with redirect","2026-04-27","PARAMETER/ALTERNATE URL","out/index.html","200","https://sashabd.com/?m=23199987051840 [200]","0","https://sashabd.com/?m=23199987051840","200","true","index, follow | index, follow, max-video-preview:-1, max-image-preview:large, max-snippet:-1","","https://sashabd.com/","https://sashabd.com/","false","false","0","text/html","Sasha Corporation","Sasha Corporation - Smart technology solutions in Bangladesh","https://sashabd.com/","index, follow | index, follow, max-video-preview:-1, max-image-preview:large, max-snippet:-1","Sasha Corporation","Sasha Corporation - Smart technology solutions in Bangladesh","INTENTIONAL ALTERNATE","KEEP VALID CANONICAL EXCLUSION; CURRENT SOURCE STRIPS THE m QUERY AFTER DEPLOYMENT","HIGH",""
"https://sashabd.com/?m=31734648021840","Page with redirect","2026-04-27","PARAMETER/ALTERNATE URL","out/index.html","200","https://sashabd.com/?m=31734648021840 [200]","0","https://sashabd.com/?m=31734648021840","200","true","index, follow | index, follow, max-video-preview:-1, max-image-preview:large, max-snippet:-1","","https://sashabd.com/","https://sashabd.com/","false","false","0","text/html","Sasha Corporation","Sasha Corporation - Smart technology solutions in Bangladesh","https://sashabd.com/","index, follow | index, follow, max-video-preview:-1, max-image-preview:large, max-snippet:-1","Sasha Corporation","Sasha Corporation - Smart technology solutions in Bangladesh","INTENTIONAL ALTERNATE","KEEP VALID CANONICAL EXCLUSION; CURRENT SOURCE STRIPS THE m QUERY AFTER DEPLOYMENT","HIGH",""
"https://sashabd.com/?m=34124784051840","Page with redirect","2026-04-27","PARAMETER/ALTERNATE URL","out/index.html","200","https://sashabd.com/?m=34124784051840 [200]","0","https://sashabd.com/?m=34124784051840","200","true","index, follow | index, follow, max-video-preview:-1, max-image-preview:large, max-snippet:-1","","https://sashabd.com/","https://sashabd.com/","false","false","0","text/html","Sasha Corporation","Sasha Corporation - Smart technology solutions in Bangladesh","https://sashabd.com/","index, follow | index, follow, max-video-preview:-1, max-image-preview:large, max-snippet:-1","Sasha Corporation","Sasha Corporation - Smart technology solutions in Bangladesh","INTENTIONAL ALTERNATE","KEEP VALID CANONICAL EXCLUSION; CURRENT SOURCE STRIPS THE m QUERY AFTER DEPLOYMENT","HIGH",""
"https://sashabd.com/?m=51423080021840","Page with redirect","2026-04-27","PARAMETER/ALTERNATE URL","out/index.html","200","https://sashabd.com/?m=51423080021840 [200]","0","https://sashabd.com/?m=51423080021840","200","true","index, follow | index, follow, max-video-preview:-1, max-image-preview:large, max-snippet:-1","","https://sashabd.com/","https://sashabd.com/","false","false","0","text/html","Sasha Corporation","Sasha Corporation - Smart technology solutions in Bangladesh","https://sashabd.com/","index, follow | index, follow, max-video-preview:-1, max-image-preview:large, max-snippet:-1","Sasha Corporation","Sasha Corporation - Smart technology solutions in Bangladesh","INTENTIONAL ALTERNATE","KEEP VALID CANONICAL EXCLUSION; CURRENT SOURCE STRIPS THE m QUERY AFTER DEPLOYMENT","HIGH",""
"https://sashabd.com/?m=64398494001840","Page with redirect","2026-04-27","PARAMETER/ALTERNATE URL","out/index.html","200","https://sashabd.com/?m=64398494001840 [200]","0","https://sashabd.com/?m=64398494001840","200","true","index, follow | index, follow, max-video-preview:-1, max-image-preview:large, max-snippet:-1","","https://sashabd.com/","https://sashabd.com/","false","false","0","text/html","Sasha Corporation","Sasha Corporation - Smart technology solutions in Bangladesh","https://sashabd.com/","index, follow | index, follow, max-video-preview:-1, max-image-preview:large, max-snippet:-1","Sasha Corporation","Sasha Corporation - Smart technology solutions in Bangladesh","INTENTIONAL ALTERNATE","KEEP VALID CANONICAL EXCLUSION; CURRENT SOURCE STRIPS THE m QUERY AFTER DEPLOYMENT","HIGH",""
"https://sashabd.com/?m=94055694071840","Page with redirect","2026-04-27","PARAMETER/ALTERNATE URL","out/index.html","200","https://sashabd.com/?m=94055694071840 [200]","0","https://sashabd.com/?m=94055694071840","200","true","index, follow | index, follow, max-video-preview:-1, max-image-preview:large, max-snippet:-1","","https://sashabd.com/","https://sashabd.com/","false","false","0","text/html","Sasha Corporation","Sasha Corporation - Smart technology solutions in Bangladesh","https://sashabd.com/","index, follow | index, follow, max-video-preview:-1, max-image-preview:large, max-snippet:-1","Sasha Corporation","Sasha Corporation - Smart technology solutions in Bangladesh","INTENTIONAL ALTERNATE","KEEP VALID CANONICAL EXCLUSION; CURRENT SOURCE STRIPS THE m QUERY AFTER DEPLOYMENT","HIGH",""
"https://sashabd.com/?m=118831210041840","Page with redirect","2026-04-27","PARAMETER/ALTERNATE URL","out/index.html","200","https://sashabd.com/?m=118831210041840 [200]","0","https://sashabd.com/?m=118831210041840","200","true","index, follow | index, follow, max-video-preview:-1, max-image-preview:large, max-snippet:-1","","https://sashabd.com/","https://sashabd.com/","false","false","0","text/html","Sasha Corporation","Sasha Corporation - Smart technology solutions in Bangladesh","https://sashabd.com/","index, follow | index, follow, max-video-preview:-1, max-image-preview:large, max-snippet:-1","Sasha Corporation","Sasha Corporation - Smart technology solutions in Bangladesh","INTENTIONAL ALTERNATE","KEEP VALID CANONICAL EXCLUSION; CURRENT SOURCE STRIPS THE m QUERY AFTER DEPLOYMENT","HIGH",""
"https://sashabd.com/?m=53734200001840","Page with redirect","2026-04-27","PARAMETER/ALTERNATE URL","out/index.html","200","https://sashabd.com/?m=53734200001840 [200]","0","https://sashabd.com/?m=53734200001840","200","true","index, follow | index, follow, max-video-preview:-1, max-image-preview:large, max-snippet:-1","","https://sashabd.com/","https://sashabd.com/","false","false","0","text/html","Sasha Corporation","Sasha Corporation - Smart technology solutions in Bangladesh","https://sashabd.com/","index, follow | index, follow, max-video-preview:-1, max-image-preview:large, max-snippet:-1","Sasha Corporation","Sasha Corporation - Smart technology solutions in Bangladesh","INTENTIONAL ALTERNATE","KEEP VALID CANONICAL EXCLUSION; CURRENT SOURCE STRIPS THE m QUERY AFTER DEPLOYMENT","HIGH",""
"https://sashabd.com/?m=12831438061840","Page with redirect","2026-04-26","PARAMETER/ALTERNATE URL","out/index.html","200","https://sashabd.com/?m=12831438061840 [200]","0","https://sashabd.com/?m=12831438061840","200","true","index, follow | index, follow, max-video-preview:-1, max-image-preview:large, max-snippet:-1","","https://sashabd.com/","https://sashabd.com/","false","false","0","text/html","Sasha Corporation","Sasha Corporation - Smart technology solutions in Bangladesh","https://sashabd.com/","index, follow | index, follow, max-video-preview:-1, max-image-preview:large, max-snippet:-1","Sasha Corporation","Sasha Corporation - Smart technology solutions in Bangladesh","INTENTIONAL ALTERNATE","KEEP VALID CANONICAL EXCLUSION; CURRENT SOURCE STRIPS THE m QUERY AFTER DEPLOYMENT","HIGH",""
"https://sashabd.com/?m=65462645021840","Page with redirect","2026-04-26","PARAMETER/ALTERNATE URL","out/index.html","200","https://sashabd.com/?m=65462645021840 [200]","0","https://sashabd.com/?m=65462645021840","200","true","index, follow | index, follow, max-video-preview:-1, max-image-preview:large, max-snippet:-1","","https://sashabd.com/","https://sashabd.com/","false","false","0","text/html","Sasha Corporation","Sasha Corporation - Smart technology solutions in Bangladesh","https://sashabd.com/","index, follow | index, follow, max-video-preview:-1, max-image-preview:large, max-snippet:-1","Sasha Corporation","Sasha Corporation - Smart technology solutions in Bangladesh","INTENTIONAL ALTERNATE","KEEP VALID CANONICAL EXCLUSION; CURRENT SOURCE STRIPS THE m QUERY AFTER DEPLOYMENT","HIGH",""
"https://sashabd.com/?m=75723634041840","Page with redirect","2026-04-26","PARAMETER/ALTERNATE URL","out/index.html","200","https://sashabd.com/?m=75723634041840 [200]","0","https://sashabd.com/?m=75723634041840","200","true","index, follow | index, follow, max-video-preview:-1, max-image-preview:large, max-snippet:-1","","https://sashabd.com/","https://sashabd.com/","false","false","0","text/html","Sasha Corporation","Sasha Corporation - Smart technology solutions in Bangladesh","https://sashabd.com/","index, follow | index, follow, max-video-preview:-1, max-image-preview:large, max-snippet:-1","Sasha Corporation","Sasha Corporation - Smart technology solutions in Bangladesh","INTENTIONAL ALTERNATE","KEEP VALID CANONICAL EXCLUSION; CURRENT SOURCE STRIPS THE m QUERY AFTER DEPLOYMENT","HIGH",""
"https://sashabd.com/?m=110183221011840","Page with redirect","2026-04-26","PARAMETER/ALTERNATE URL","out/index.html","200","https://sashabd.com/?m=110183221011840 [200]","0","https://sashabd.com/?m=110183221011840","200","true","index, follow | index, follow, max-video-preview:-1, max-image-preview:large, max-snippet:-1","","https://sashabd.com/","https://sashabd.com/","false","false","0","text/html","Sasha Corporation","Sasha Corporation - Smart technology solutions in Bangladesh","https://sashabd.com/","index, follow | index, follow, max-video-preview:-1, max-image-preview:large, max-snippet:-1","Sasha Corporation","Sasha Corporation - Smart technology solutions in Bangladesh","INTENTIONAL ALTERNATE","KEEP VALID CANONICAL EXCLUSION; CURRENT SOURCE STRIPS THE m QUERY AFTER DEPLOYMENT","HIGH",""
"https://sashabd.com/?m=116585178001840","Page with redirect","2026-04-26","PARAMETER/ALTERNATE URL","out/index.html","200","https://sashabd.com/?m=116585178001840 [200]","0","https://sashabd.com/?m=116585178001840","200","true","index, follow | index, follow, max-video-preview:-1, max-image-preview:large, max-snippet:-1","","https://sashabd.com/","https://sashabd.com/","false","false","0","text/html","Sasha Corporation","Sasha Corporation - Smart technology solutions in Bangladesh","https://sashabd.com/","index, follow | index, follow, max-video-preview:-1, max-image-preview:large, max-snippet:-1","Sasha Corporation","Sasha Corporation - Smart technology solutions in Bangladesh","INTENTIONAL ALTERNATE","KEEP VALID CANONICAL EXCLUSION; CURRENT SOURCE STRIPS THE m QUERY AFTER DEPLOYMENT","HIGH",""
"https://sashabd.com/?m=12489984031840","Page with redirect","2026-04-26","PARAMETER/ALTERNATE URL","out/index.html","200","https://sashabd.com/?m=12489984031840 [200]","0","https://sashabd.com/?m=12489984031840","200","true","index, follow | index, follow, max-video-preview:-1, max-image-preview:large, max-snippet:-1","","https://sashabd.com/","https://sashabd.com/","false","false","0","text/html","Sasha Corporation","Sasha Corporation - Smart technology solutions in Bangladesh","https://sashabd.com/","index, follow | index, follow, max-video-preview:-1, max-image-preview:large, max-snippet:-1","Sasha Corporation","Sasha Corporation - Smart technology solutions in Bangladesh","INTENTIONAL ALTERNATE","KEEP VALID CANONICAL EXCLUSION; CURRENT SOURCE STRIPS THE m QUERY AFTER DEPLOYMENT","HIGH",""
"https://sashabd.com/?m=35548849051840","Page with redirect","2026-04-26","PARAMETER/ALTERNATE URL","out/index.html","200","https://sashabd.com/?m=35548849051840 [200]","0","https://sashabd.com/?m=35548849051840","200","true","index, follow | index, follow, max-video-preview:-1, max-image-preview:large, max-snippet:-1","","https://sashabd.com/","https://sashabd.com/","false","false","0","text/html","Sasha Corporation","Sasha Corporation - Smart technology solutions in Bangladesh","https://sashabd.com/","index, follow | index, follow, max-video-preview:-1, max-image-preview:large, max-snippet:-1","Sasha Corporation","Sasha Corporation - Smart technology solutions in Bangladesh","INTENTIONAL ALTERNATE","KEEP VALID CANONICAL EXCLUSION; CURRENT SOURCE STRIPS THE m QUERY AFTER DEPLOYMENT","HIGH",""
"https://sashabd.com/?m=50016801121840","Page with redirect","2026-04-26","PARAMETER/ALTERNATE URL","out/index.html","200","https://sashabd.com/?m=50016801121840 [200]","0","https://sashabd.com/?m=50016801121840","200","true","index, follow | index, follow, max-video-preview:-1, max-image-preview:large, max-snippet:-1","","https://sashabd.com/","https://sashabd.com/","false","false","0","text/html","Sasha Corporation","Sasha Corporation - Smart technology solutions in Bangladesh","https://sashabd.com/","index, follow | index, follow, max-video-preview:-1, max-image-preview:large, max-snippet:-1","Sasha Corporation","Sasha Corporation - Smart technology solutions in Bangladesh","INTENTIONAL ALTERNATE","KEEP VALID CANONICAL EXCLUSION; CURRENT SOURCE STRIPS THE m QUERY AFTER DEPLOYMENT","HIGH",""
"https://sashabd.com/?m=86752890031840","Page with redirect","2026-04-26","PARAMETER/ALTERNATE URL","out/index.html","200","https://sashabd.com/?m=86752890031840 [200]","0","https://sashabd.com/?m=86752890031840","200","true","index, follow | index, follow, max-video-preview:-1, max-image-preview:large, max-snippet:-1","","https://sashabd.com/","https://sashabd.com/","false","false","0","text/html","Sasha Corporation","Sasha Corporation - Smart technology solutions in Bangladesh","https://sashabd.com/","index, follow | index, follow, max-video-preview:-1, max-image-preview:large, max-snippet:-1","Sasha Corporation","Sasha Corporation - Smart technology solutions in Bangladesh","INTENTIONAL ALTERNATE","KEEP VALID CANONICAL EXCLUSION; CURRENT SOURCE STRIPS THE m QUERY AFTER DEPLOYMENT","HIGH",""
"https://sashabd.com/?m=94035212031840","Page with redirect","2026-04-26","PARAMETER/ALTERNATE URL","out/index.html","200","https://sashabd.com/?m=94035212031840 [200]","0","https://sashabd.com/?m=94035212031840","200","true","index, follow | index, follow, max-video-preview:-1, max-image-preview:large, max-snippet:-1","","https://sashabd.com/","https://sashabd.com/","false","false","0","text/html","Sasha Corporation","Sasha Corporation - Smart technology solutions in Bangladesh","https://sashabd.com/","index, follow | index, follow, max-video-preview:-1, max-image-preview:large, max-snippet:-1","Sasha Corporation","Sasha Corporation - Smart technology solutions in Bangladesh","INTENTIONAL ALTERNATE","KEEP VALID CANONICAL EXCLUSION; CURRENT SOURCE STRIPS THE m QUERY AFTER DEPLOYMENT","HIGH",""
"https://sashabd.com/?m=113001164061840","Page with redirect","2026-04-25","PARAMETER/ALTERNATE URL","out/index.html","200","https://sashabd.com/?m=113001164061840 [200]","0","https://sashabd.com/?m=113001164061840","200","true","index, follow | index, follow, max-video-preview:-1, max-image-preview:large, max-snippet:-1","","https://sashabd.com/","https://sashabd.com/","false","false","0","text/html","Sasha Corporation","Sasha Corporation - Smart technology solutions in Bangladesh","https://sashabd.com/","index, follow | index, follow, max-video-preview:-1, max-image-preview:large, max-snippet:-1","Sasha Corporation","Sasha Corporation - Smart technology solutions in Bangladesh","INTENTIONAL ALTERNATE","KEEP VALID CANONICAL EXCLUSION; CURRENT SOURCE STRIPS THE m QUERY AFTER DEPLOYMENT","HIGH",""
"https://sashabd.com/?m=117564266021840","Page with redirect","2026-04-25","PARAMETER/ALTERNATE URL","out/index.html","200","https://sashabd.com/?m=117564266021840 [200]","0","https://sashabd.com/?m=117564266021840","200","true","index, follow | index, follow, max-video-preview:-1, max-image-preview:large, max-snippet:-1","","https://sashabd.com/","https://sashabd.com/","false","false","0","text/html","Sasha Corporation","Sasha Corporation - Smart technology solutions in Bangladesh","https://sashabd.com/","index, follow | index, follow, max-video-preview:-1, max-image-preview:large, max-snippet:-1","Sasha Corporation","Sasha Corporation - Smart technology solutions in Bangladesh","INTENTIONAL ALTERNATE","KEEP VALID CANONICAL EXCLUSION; CURRENT SOURCE STRIPS THE m QUERY AFTER DEPLOYMENT","HIGH",""
"https://sashabd.com/?m=34405533011840","Page with redirect","2026-04-25","PARAMETER/ALTERNATE URL","out/index.html","200","https://sashabd.com/?m=34405533011840 [200]","0","https://sashabd.com/?m=34405533011840","200","true","index, follow | index, follow, max-video-preview:-1, max-image-preview:large, max-snippet:-1","","https://sashabd.com/","https://sashabd.com/","false","false","0","text/html","Sasha Corporation","Sasha Corporation - Smart technology solutions in Bangladesh","https://sashabd.com/","index, follow | index, follow, max-video-preview:-1, max-image-preview:large, max-snippet:-1","Sasha Corporation","Sasha Corporation - Smart technology solutions in Bangladesh","INTENTIONAL ALTERNATE","KEEP VALID CANONICAL EXCLUSION; CURRENT SOURCE STRIPS THE m QUERY AFTER DEPLOYMENT","HIGH",""
"https://sashabd.com/?m=38787084031840","Page with redirect","2026-04-25","PARAMETER/ALTERNATE URL","out/index.html","200","https://sashabd.com/?m=38787084031840 [200]","0","https://sashabd.com/?m=38787084031840","200","true","index, follow | index, follow, max-video-preview:-1, max-image-preview:large, max-snippet:-1","","https://sashabd.com/","https://sashabd.com/","false","false","0","text/html","Sasha Corporation","Sasha Corporation - Smart technology solutions in Bangladesh","https://sashabd.com/","index, follow | index, follow, max-video-preview:-1, max-image-preview:large, max-snippet:-1","Sasha Corporation","Sasha Corporation - Smart technology solutions in Bangladesh","INTENTIONAL ALTERNATE","KEEP VALID CANONICAL EXCLUSION; CURRENT SOURCE STRIPS THE m QUERY AFTER DEPLOYMENT","HIGH",""
"https://sashabd.com/?m=12663748011840","Page with redirect","2026-04-25","PARAMETER/ALTERNATE URL","out/index.html","200","https://sashabd.com/?m=12663748011840 [200]","0","https://sashabd.com/?m=12663748011840","200","true","index, follow | index, follow, max-video-preview:-1, max-image-preview:large, max-snippet:-1","","https://sashabd.com/","https://sashabd.com/","false","false","0","text/html","Sasha Corporation","Sasha Corporation - Smart technology solutions in Bangladesh","https://sashabd.com/","index, follow | index, follow, max-video-preview:-1, max-image-preview:large, max-snippet:-1","Sasha Corporation","Sasha Corporation - Smart technology solutions in Bangladesh","INTENTIONAL ALTERNATE","KEEP VALID CANONICAL EXCLUSION; CURRENT SOURCE STRIPS THE m QUERY AFTER DEPLOYMENT","HIGH",""
"https://sashabd.com/?m=39014511061840","Page with redirect","2026-04-25","PARAMETER/ALTERNATE URL","out/index.html","200","https://sashabd.com/?m=39014511061840 [200]","0","https://sashabd.com/?m=39014511061840","200","true","index, follow | index, follow, max-video-preview:-1, max-image-preview:large, max-snippet:-1","","https://sashabd.com/","https://sashabd.com/","false","false","0","text/html","Sasha Corporation","Sasha Corporation - Smart technology solutions in Bangladesh","https://sashabd.com/","index, follow | index, follow, max-video-preview:-1, max-image-preview:large, max-snippet:-1","Sasha Corporation","Sasha Corporation - Smart technology solutions in Bangladesh","INTENTIONAL ALTERNATE","KEEP VALID CANONICAL EXCLUSION; CURRENT SOURCE STRIPS THE m QUERY AFTER DEPLOYMENT","HIGH",""
"https://sashabd.com/?m=71116400111840","Page with redirect","2026-04-25","PARAMETER/ALTERNATE URL","out/index.html","200","https://sashabd.com/?m=71116400111840 [200]","0","https://sashabd.com/?m=71116400111840","200","true","index, follow | index, follow, max-video-preview:-1, max-image-preview:large, max-snippet:-1","","https://sashabd.com/","https://sashabd.com/","false","false","0","text/html","Sasha Corporation","Sasha Corporation - Smart technology solutions in Bangladesh","https://sashabd.com/","index, follow | index, follow, max-video-preview:-1, max-image-preview:large, max-snippet:-1","Sasha Corporation","Sasha Corporation - Smart technology solutions in Bangladesh","INTENTIONAL ALTERNATE","KEEP VALID CANONICAL EXCLUSION; CURRENT SOURCE STRIPS THE m QUERY AFTER DEPLOYMENT","HIGH",""
"https://sashabd.com/?m=75950071031840","Page with redirect","2026-04-25","PARAMETER/ALTERNATE URL","out/index.html","200","https://sashabd.com/?m=75950071031840 [200]","0","https://sashabd.com/?m=75950071031840","200","true","index, follow | index, follow, max-video-preview:-1, max-image-preview:large, max-snippet:-1","","https://sashabd.com/","https://sashabd.com/","false","false","0","text/html","Sasha Corporation","Sasha Corporation - Smart technology solutions in Bangladesh","https://sashabd.com/","index, follow | index, follow, max-video-preview:-1, max-image-preview:large, max-snippet:-1","Sasha Corporation","Sasha Corporation - Smart technology solutions in Bangladesh","INTENTIONAL ALTERNATE","KEEP VALID CANONICAL EXCLUSION; CURRENT SOURCE STRIPS THE m QUERY AFTER DEPLOYMENT","HIGH",""
"https://sashabd.com/?m=89876932001840","Page with redirect","2026-04-25","PARAMETER/ALTERNATE URL","out/index.html","200","https://sashabd.com/?m=89876932001840 [200]","0","https://sashabd.com/?m=89876932001840","200","true","index, follow | index, follow, max-video-preview:-1, max-image-preview:large, max-snippet:-1","","https://sashabd.com/","https://sashabd.com/","false","false","0","text/html","Sasha Corporation","Sasha Corporation - Smart technology solutions in Bangladesh","https://sashabd.com/","index, follow | index, follow, max-video-preview:-1, max-image-preview:large, max-snippet:-1","Sasha Corporation","Sasha Corporation - Smart technology solutions in Bangladesh","INTENTIONAL ALTERNATE","KEEP VALID CANONICAL EXCLUSION; CURRENT SOURCE STRIPS THE m QUERY AFTER DEPLOYMENT","HIGH",""
"https://sashabd.com/blog/led-billboard-advertising-guide","Page with redirect","2026-04-22","LEGACY URL","out/blog/led-billboard-advertising-guide/index.html","301","https://sashabd.com/blog/led-billboard-advertising-guide [301] -> https://sashabd.com/blog/led-billboard-advertising-guide/ | https://sashabd.com/blog/led-billboard-advertising-guide/ [200]","1","https://sashabd.com/blog/led-billboard-advertising-guide/","200","true","index, follow | index, follow, max-video-preview:-1, max-image-preview:large, max-snippet:-1","","https://sashabd.com/blog/led-billboard-advertising-guide/","https://sashabd.com/blog/led-billboard-advertising-guide/","false","false","0","text/html","LED Billboard Advertising Guide","LED Billboard Advertising Guide","https://sashabd.com/blog/led-billboard-advertising-guide/","index, follow | index, follow, max-video-preview:-1, max-image-preview:large, max-snippet:-1","LED Billboard Advertising Guide","LED Billboard Advertising Guide","INTENTIONAL REDIRECT","KEEP - VALID INTENTIONAL REDIRECT","HIGH",""
"https://sashabd.com/blog/common-led-display-mistakes-and-how-to-avoid-them","Page with redirect","2026-03-26","LEGACY URL","out/blog/common-led-display-mistakes-and-how-to-avoid-them/index.html","301","https://sashabd.com/blog/common-led-display-mistakes-and-how-to-avoid-them [301] -> https://sashabd.com/blog/common-led-display-mistakes-and-how-to-avoid-them/ | https://sashabd.com/blog/common-led-display-mistakes-and-how-to-avoid-them/ [200]","1","https://sashabd.com/blog/common-led-display-mistakes-and-how-to-avoid-them/","200","true","index, follow | index, follow, max-video-preview:-1, max-image-preview:large, max-snippet:-1","","https://sashabd.com/blog/common-led-display-mistakes-and-how-to-avoid-them/","https://sashabd.com/blog/common-led-display-mistakes-and-how-to-avoid-them/","false","false","0","text/html","Common LED Display Mistakes and How to Avoid Them","Common LED Display Mistakes and How to Avoid Them","https://sashabd.com/blog/common-led-display-mistakes-and-how-to-avoid-them/","index, follow | index, follow, max-video-preview:-1, max-image-preview:large, max-snippet:-1","Common LED Display Mistakes and How to Avoid Them","Common LED Display Mistakes and How to Avoid Them","INTENTIONAL REDIRECT","KEEP - VALID INTENTIONAL REDIRECT","HIGH",""
"https://sashabd.com/?m=7189858121840","Alternate page with proper canonical tag","2026-08-03","PARAMETER/ALTERNATE URL","out/index.html","200","https://sashabd.com/?m=7189858121840 [200]","0","https://sashabd.com/?m=7189858121840","200","true","index, follow | index, follow, max-video-preview:-1, max-image-preview:large, max-snippet:-1","","https://sashabd.com/","https://sashabd.com/","false","false","0","text/html","Sasha Corporation","Sasha Corporation - Smart technology solutions in Bangladesh","https://sashabd.com/","index, follow | index, follow, max-video-preview:-1, max-image-preview:large, max-snippet:-1","Sasha Corporation","Sasha Corporation - Smart technology solutions in Bangladesh","INTENTIONAL ALTERNATE","KEEP - VALID ALTERNATE CANONICAL; CURRENT SOURCE ALSO STRIPS THE m QUERY AFTER DEPLOYMENT","HIGH",""
"https://sashabd.com/?m=6941337051840","Alternate page with proper canonical tag","2026-08-03","PARAMETER/ALTERNATE URL","out/index.html","200","https://sashabd.com/?m=6941337051840 [200]","0","https://sashabd.com/?m=6941337051840","200","true","index, follow | index, follow, max-video-preview:-1, max-image-preview:large, max-snippet:-1","","https://sashabd.com/","https://sashabd.com/","false","false","0","text/html","Sasha Corporation","Sasha Corporation - Smart technology solutions in Bangladesh","https://sashabd.com/","index, follow | index, follow, max-video-preview:-1, max-image-preview:large, max-snippet:-1","Sasha Corporation","Sasha Corporation - Smart technology solutions in Bangladesh","INTENTIONAL ALTERNATE","KEEP - VALID ALTERNATE CANONICAL; CURRENT SOURCE ALSO STRIPS THE m QUERY AFTER DEPLOYMENT","HIGH",""
"https://sashabd.com/?m=7130338001840","Alternate page with proper canonical tag","2026-08-03","PARAMETER/ALTERNATE URL","out/index.html","200","https://sashabd.com/?m=7130338001840 [200]","0","https://sashabd.com/?m=7130338001840","200","true","index, follow | index, follow, max-video-preview:-1, max-image-preview:large, max-snippet:-1","","https://sashabd.com/","https://sashabd.com/","false","false","0","text/html","Sasha Corporation","Sasha Corporation - Smart technology solutions in Bangladesh","https://sashabd.com/","index, follow | index, follow, max-video-preview:-1, max-image-preview:large, max-snippet:-1","Sasha Corporation","Sasha Corporation - Smart technology solutions in Bangladesh","INTENTIONAL ALTERNATE","KEEP - VALID ALTERNATE CANONICAL; CURRENT SOURCE ALSO STRIPS THE m QUERY AFTER DEPLOYMENT","HIGH",""
"https://sashabd.com/?m=2366138011840","Alternate page with proper canonical tag","2026-06-28","PARAMETER/ALTERNATE URL","out/index.html","200","https://sashabd.com/?m=2366138011840 [200]","0","https://sashabd.com/?m=2366138011840","200","true","index, follow | index, follow, max-video-preview:-1, max-image-preview:large, max-snippet:-1","","https://sashabd.com/","https://sashabd.com/","false","false","0","text/html","Sasha Corporation","Sasha Corporation - Smart technology solutions in Bangladesh","https://sashabd.com/","index, follow | index, follow, max-video-preview:-1, max-image-preview:large, max-snippet:-1","Sasha Corporation","Sasha Corporation - Smart technology solutions in Bangladesh","INTENTIONAL ALTERNATE","KEEP - VALID ALTERNATE CANONICAL; CURRENT SOURCE ALSO STRIPS THE m QUERY AFTER DEPLOYMENT","HIGH",""
"https://sashabd.com/?m=1439319131840","Alternate page with proper canonical tag","2026-06-24","PARAMETER/ALTERNATE URL","out/index.html","200","https://sashabd.com/?m=1439319131840 [200]","0","https://sashabd.com/?m=1439319131840","200","true","index, follow | index, follow, max-video-preview:-1, max-image-preview:large, max-snippet:-1","","https://sashabd.com/","https://sashabd.com/","false","false","0","text/html","Sasha Corporation","Sasha Corporation - Smart technology solutions in Bangladesh","https://sashabd.com/","index, follow | index, follow, max-video-preview:-1, max-image-preview:large, max-snippet:-1","Sasha Corporation","Sasha Corporation - Smart technology solutions in Bangladesh","INTENTIONAL ALTERNATE","KEEP - VALID ALTERNATE CANONICAL; CURRENT SOURCE ALSO STRIPS THE m QUERY AFTER DEPLOYMENT","HIGH",""
"https://sashabd.com/?m=7128527061840","Alternate page with proper canonical tag","2026-06-22","PARAMETER/ALTERNATE URL","out/index.html","200","https://sashabd.com/?m=7128527061840 [200]","0","https://sashabd.com/?m=7128527061840","200","true","index, follow | index, follow, max-video-preview:-1, max-image-preview:large, max-snippet:-1","","https://sashabd.com/","https://sashabd.com/","false","false","0","text/html","Sasha Corporation","Sasha Corporation - Smart technology solutions in Bangladesh","https://sashabd.com/","index, follow | index, follow, max-video-preview:-1, max-image-preview:large, max-snippet:-1","Sasha Corporation","Sasha Corporation - Smart technology solutions in Bangladesh","INTENTIONAL ALTERNATE","KEEP - VALID ALTERNATE CANONICAL; CURRENT SOURCE ALSO STRIPS THE m QUERY AFTER DEPLOYMENT","HIGH",""
"https://sashabd.com/?m=7783160031840","Alternate page with proper canonical tag","2026-06-22","PARAMETER/ALTERNATE URL","out/index.html","200","https://sashabd.com/?m=7783160031840 [200]","0","https://sashabd.com/?m=7783160031840","200","true","index, follow | index, follow, max-video-preview:-1, max-image-preview:large, max-snippet:-1","","https://sashabd.com/","https://sashabd.com/","false","false","0","text/html","Sasha Corporation","Sasha Corporation - Smart technology solutions in Bangladesh","https://sashabd.com/","index, follow | index, follow, max-video-preview:-1, max-image-preview:large, max-snippet:-1","Sasha Corporation","Sasha Corporation - Smart technology solutions in Bangladesh","INTENTIONAL ALTERNATE","KEEP - VALID ALTERNATE CANONICAL; CURRENT SOURCE ALSO STRIPS THE m QUERY AFTER DEPLOYMENT","HIGH",""
"https://sashabd.com/?m=4550645021840","Alternate page with proper canonical tag","2026-06-18","PARAMETER/ALTERNATE URL","out/index.html","200","https://sashabd.com/?m=4550645021840 [200]","0","https://sashabd.com/?m=4550645021840","200","true","index, follow | index, follow, max-video-preview:-1, max-image-preview:large, max-snippet:-1","","https://sashabd.com/","https://sashabd.com/","false","false","0","text/html","Sasha Corporation","Sasha Corporation - Smart technology solutions in Bangladesh","https://sashabd.com/","index, follow | index, follow, max-video-preview:-1, max-image-preview:large, max-snippet:-1","Sasha Corporation","Sasha Corporation - Smart technology solutions in Bangladesh","INTENTIONAL ALTERNATE","KEEP - VALID ALTERNATE CANONICAL; CURRENT SOURCE ALSO STRIPS THE m QUERY AFTER DEPLOYMENT","HIGH",""
"https://sashabd.com/?m=7129858141840","Alternate page with proper canonical tag","2026-06-18","PARAMETER/ALTERNATE URL","out/index.html","200","https://sashabd.com/?m=7129858141840 [200]","0","https://sashabd.com/?m=7129858141840","200","true","index, follow | index, follow, max-video-preview:-1, max-image-preview:large, max-snippet:-1","","https://sashabd.com/","https://sashabd.com/","false","false","0","text/html","Sasha Corporation","Sasha Corporation - Smart technology solutions in Bangladesh","https://sashabd.com/","index, follow | index, follow, max-video-preview:-1, max-image-preview:large, max-snippet:-1","Sasha Corporation","Sasha Corporation - Smart technology solutions in Bangladesh","INTENTIONAL ALTERNATE","KEEP - VALID ALTERNATE CANONICAL; CURRENT SOURCE ALSO STRIPS THE m QUERY AFTER DEPLOYMENT","HIGH",""
"https://sashabd.com/?m=3130604031840","Alternate page with proper canonical tag","2026-06-18","PARAMETER/ALTERNATE URL","out/index.html","200","https://sashabd.com/?m=3130604031840 [200]","0","https://sashabd.com/?m=3130604031840","200","true","index, follow | index, follow, max-video-preview:-1, max-image-preview:large, max-snippet:-1","","https://sashabd.com/","https://sashabd.com/","false","false","0","text/html","Sasha Corporation","Sasha Corporation - Smart technology solutions in Bangladesh","https://sashabd.com/","index, follow | index, follow, max-video-preview:-1, max-image-preview:large, max-snippet:-1","Sasha Corporation","Sasha Corporation - Smart technology solutions in Bangladesh","INTENTIONAL ALTERNATE","KEEP - VALID ALTERNATE CANONICAL; CURRENT SOURCE ALSO STRIPS THE m QUERY AFTER DEPLOYMENT","HIGH",""
"https://sashabd.com/?m=25023654031840","Alternate page with proper canonical tag","2026-06-16","PARAMETER/ALTERNATE URL","out/index.html","200","https://sashabd.com/?m=25023654031840 [200]","0","https://sashabd.com/?m=25023654031840","200","true","index, follow | index, follow, max-video-preview:-1, max-image-preview:large, max-snippet:-1","","https://sashabd.com/","https://sashabd.com/","false","false","0","text/html","Sasha Corporation","Sasha Corporation - Smart technology solutions in Bangladesh","https://sashabd.com/","index, follow | index, follow, max-video-preview:-1, max-image-preview:large, max-snippet:-1","Sasha Corporation","Sasha Corporation - Smart technology solutions in Bangladesh","INTENTIONAL ALTERNATE","KEEP - VALID ALTERNATE CANONICAL; CURRENT SOURCE ALSO STRIPS THE m QUERY AFTER DEPLOYMENT","HIGH",""
"https://sashabd.com/?m=102511001001840","Alternate page with proper canonical tag","2026-04-25","PARAMETER/ALTERNATE URL","out/index.html","200","https://sashabd.com/?m=102511001001840 [200]","0","https://sashabd.com/?m=102511001001840","200","true","index, follow | index, follow, max-video-preview:-1, max-image-preview:large, max-snippet:-1","","https://sashabd.com/","https://sashabd.com/","false","false","0","text/html","Sasha Corporation","Sasha Corporation - Smart technology solutions in Bangladesh","https://sashabd.com/","index, follow | index, follow, max-video-preview:-1, max-image-preview:large, max-snippet:-1","Sasha Corporation","Sasha Corporation - Smart technology solutions in Bangladesh","INTENTIONAL ALTERNATE","KEEP - VALID ALTERNATE CANONICAL; CURRENT SOURCE ALSO STRIPS THE m QUERY AFTER DEPLOYMENT","HIGH",""
"https://sashabd.com/?m=17720280021840","Alternate page with proper canonical tag","2026-04-25","PARAMETER/ALTERNATE URL","out/index.html","200","https://sashabd.com/?m=17720280021840 [200]","0","https://sashabd.com/?m=17720280021840","200","true","index, follow | index, follow, max-video-preview:-1, max-image-preview:large, max-snippet:-1","","https://sashabd.com/","https://sashabd.com/","false","false","0","text/html","Sasha Corporation","Sasha Corporation - Smart technology solutions in Bangladesh","https://sashabd.com/","index, follow | index, follow, max-video-preview:-1, max-image-preview:large, max-snippet:-1","Sasha Corporation","Sasha Corporation - Smart technology solutions in Bangladesh","INTENTIONAL ALTERNATE","KEEP - VALID ALTERNATE CANONICAL; CURRENT SOURCE ALSO STRIPS THE m QUERY AFTER DEPLOYMENT","HIGH",""
"https://sashabd.com/?m=75714892001840","Alternate page with proper canonical tag","2026-04-25","PARAMETER/ALTERNATE URL","out/index.html","200","https://sashabd.com/?m=75714892001840 [200]","0","https://sashabd.com/?m=75714892001840","200","true","index, follow | index, follow, max-video-preview:-1, max-image-preview:large, max-snippet:-1","","https://sashabd.com/","https://sashabd.com/","false","false","0","text/html","Sasha Corporation","Sasha Corporation - Smart technology solutions in Bangladesh","https://sashabd.com/","index, follow | index, follow, max-video-preview:-1, max-image-preview:large, max-snippet:-1","Sasha Corporation","Sasha Corporation - Smart technology solutions in Bangladesh","INTENTIONAL ALTERNATE","KEEP - VALID ALTERNATE CANONICAL; CURRENT SOURCE ALSO STRIPS THE m QUERY AFTER DEPLOYMENT","HIGH",""
"https://sashabd.com/?m=23106750051840","Alternate page with proper canonical tag","2026-04-25","PARAMETER/ALTERNATE URL","out/index.html","200","https://sashabd.com/?m=23106750051840 [200]","0","https://sashabd.com/?m=23106750051840","200","true","index, follow | index, follow, max-video-preview:-1, max-image-preview:large, max-snippet:-1","","https://sashabd.com/","https://sashabd.com/","false","false","0","text/html","Sasha Corporation","Sasha Corporation - Smart technology solutions in Bangladesh","https://sashabd.com/","index, follow | index, follow, max-video-preview:-1, max-image-preview:large, max-snippet:-1","Sasha Corporation","Sasha Corporation - Smart technology solutions in Bangladesh","INTENTIONAL ALTERNATE","KEEP - VALID ALTERNATE CANONICAL; CURRENT SOURCE ALSO STRIPS THE m QUERY AFTER DEPLOYMENT","HIGH",""
"https://sashabd.com/?m=23110470071840","Alternate page with proper canonical tag","2026-04-25","PARAMETER/ALTERNATE URL","out/index.html","200","https://sashabd.com/?m=23110470071840 [200]","0","https://sashabd.com/?m=23110470071840","200","true","index, follow | index, follow, max-video-preview:-1, max-image-preview:large, max-snippet:-1","","https://sashabd.com/","https://sashabd.com/","false","false","0","text/html","Sasha Corporation","Sasha Corporation - Smart technology solutions in Bangladesh","https://sashabd.com/","index, follow | index, follow, max-video-preview:-1, max-image-preview:large, max-snippet:-1","Sasha Corporation","Sasha Corporation - Smart technology solutions in Bangladesh","INTENTIONAL ALTERNATE","KEEP - VALID ALTERNATE CANONICAL; CURRENT SOURCE ALSO STRIPS THE m QUERY AFTER DEPLOYMENT","HIGH",""
"https://sashabd.com/?m=35162760021840","Alternate page with proper canonical tag","2026-04-25","PARAMETER/ALTERNATE URL","out/index.html","200","https://sashabd.com/?m=35162760021840 [200]","0","https://sashabd.com/?m=35162760021840","200","true","index, follow | index, follow, max-video-preview:-1, max-image-preview:large, max-snippet:-1","","https://sashabd.com/","https://sashabd.com/","false","false","0","text/html","Sasha Corporation","Sasha Corporation - Smart technology solutions in Bangladesh","https://sashabd.com/","index, follow | index, follow, max-video-preview:-1, max-image-preview:large, max-snippet:-1","Sasha Corporation","Sasha Corporation - Smart technology solutions in Bangladesh","INTENTIONAL ALTERNATE","KEEP - VALID ALTERNATE CANONICAL; CURRENT SOURCE ALSO STRIPS THE m QUERY AFTER DEPLOYMENT","HIGH",""
"https://sashabd.com/?m=51326402071840","Alternate page with proper canonical tag","2026-04-25","PARAMETER/ALTERNATE URL","out/index.html","200","https://sashabd.com/?m=51326402071840 [200]","0","https://sashabd.com/?m=51326402071840","200","true","index, follow | index, follow, max-video-preview:-1, max-image-preview:large, max-snippet:-1","","https://sashabd.com/","https://sashabd.com/","false","false","0","text/html","Sasha Corporation","Sasha Corporation - Smart technology solutions in Bangladesh","https://sashabd.com/","index, follow | index, follow, max-video-preview:-1, max-image-preview:large, max-snippet:-1","Sasha Corporation","Sasha Corporation - Smart technology solutions in Bangladesh","INTENTIONAL ALTERNATE","KEEP - VALID ALTERNATE CANONICAL; CURRENT SOURCE ALSO STRIPS THE m QUERY AFTER DEPLOYMENT","HIGH",""
"https://sashabd.com/?m=49808409041840","Alternate page with proper canonical tag","2026-04-25","PARAMETER/ALTERNATE URL","out/index.html","200","https://sashabd.com/?m=49808409041840 [200]","0","https://sashabd.com/?m=49808409041840","200","true","index, follow | index, follow, max-video-preview:-1, max-image-preview:large, max-snippet:-1","","https://sashabd.com/","https://sashabd.com/","false","false","0","text/html","Sasha Corporation","Sasha Corporation - Smart technology solutions in Bangladesh","https://sashabd.com/","index, follow | index, follow, max-video-preview:-1, max-image-preview:large, max-snippet:-1","Sasha Corporation","Sasha Corporation - Smart technology solutions in Bangladesh","INTENTIONAL ALTERNATE","KEEP - VALID ALTERNATE CANONICAL; CURRENT SOURCE ALSO STRIPS THE m QUERY AFTER DEPLOYMENT","HIGH",""
"https://sashabd.com/?m=112470466041840","Alternate page with proper canonical tag","2026-04-25","PARAMETER/ALTERNATE URL","out/index.html","200","https://sashabd.com/?m=112470466041840 [200]","0","https://sashabd.com/?m=112470466041840","200","true","index, follow | index, follow, max-video-preview:-1, max-image-preview:large, max-snippet:-1","","https://sashabd.com/","https://sashabd.com/","false","false","0","text/html","Sasha Corporation","Sasha Corporation - Smart technology solutions in Bangladesh","https://sashabd.com/","index, follow | index, follow, max-video-preview:-1, max-image-preview:large, max-snippet:-1","Sasha Corporation","Sasha Corporation - Smart technology solutions in Bangladesh","INTENTIONAL ALTERNATE","KEEP - VALID ALTERNATE CANONICAL; CURRENT SOURCE ALSO STRIPS THE m QUERY AFTER DEPLOYMENT","HIGH",""
"https://sashabd.com/?m=10786097011840","Alternate page with proper canonical tag","2026-04-25","PARAMETER/ALTERNATE URL","out/index.html","200","https://sashabd.com/?m=10786097011840 [200]","0","https://sashabd.com/?m=10786097011840","200","true","index, follow | index, follow, max-video-preview:-1, max-image-preview:large, max-snippet:-1","","https://sashabd.com/","https://sashabd.com/","false","false","0","text/html","Sasha Corporation","Sasha Corporation - Smart technology solutions in Bangladesh","https://sashabd.com/","index, follow | index, follow, max-video-preview:-1, max-image-preview:large, max-snippet:-1","Sasha Corporation","Sasha Corporation - Smart technology solutions in Bangladesh","INTENTIONAL ALTERNATE","KEEP - VALID ALTERNATE CANONICAL; CURRENT SOURCE ALSO STRIPS THE m QUERY AFTER DEPLOYMENT","HIGH",""
"https://sashabd.com/?m=79818694081840","Alternate page with proper canonical tag","2026-04-25","PARAMETER/ALTERNATE URL","out/index.html","200","https://sashabd.com/?m=79818694081840 [200]","0","https://sashabd.com/?m=79818694081840","200","true","index, follow | index, follow, max-video-preview:-1, max-image-preview:large, max-snippet:-1","","https://sashabd.com/","https://sashabd.com/","false","false","0","text/html","Sasha Corporation","Sasha Corporation - Smart technology solutions in Bangladesh","https://sashabd.com/","index, follow | index, follow, max-video-preview:-1, max-image-preview:large, max-snippet:-1","Sasha Corporation","Sasha Corporation - Smart technology solutions in Bangladesh","INTENTIONAL ALTERNATE","KEEP - VALID ALTERNATE CANONICAL; CURRENT SOURCE ALSO STRIPS THE m QUERY AFTER DEPLOYMENT","HIGH",""
"https://sashabd.com/?m=12644862001840","Alternate page with proper canonical tag","2026-04-25","PARAMETER/ALTERNATE URL","out/index.html","200","https://sashabd.com/?m=12644862001840 [200]","0","https://sashabd.com/?m=12644862001840","200","true","index, follow | index, follow, max-video-preview:-1, max-image-preview:large, max-snippet:-1","","https://sashabd.com/","https://sashabd.com/","false","false","0","text/html","Sasha Corporation","Sasha Corporation - Smart technology solutions in Bangladesh","https://sashabd.com/","index, follow | index, follow, max-video-preview:-1, max-image-preview:large, max-snippet:-1","Sasha Corporation","Sasha Corporation - Smart technology solutions in Bangladesh","INTENTIONAL ALTERNATE","KEEP - VALID ALTERNATE CANONICAL; CURRENT SOURCE ALSO STRIPS THE m QUERY AFTER DEPLOYMENT","HIGH",""
"https://sashabd.com/?m=32200762071840","Alternate page with proper canonical tag","2026-04-25","PARAMETER/ALTERNATE URL","out/index.html","200","https://sashabd.com/?m=32200762071840 [200]","0","https://sashabd.com/?m=32200762071840","200","true","index, follow | index, follow, max-video-preview:-1, max-image-preview:large, max-snippet:-1","","https://sashabd.com/","https://sashabd.com/","false","false","0","text/html","Sasha Corporation","Sasha Corporation - Smart technology solutions in Bangladesh","https://sashabd.com/","index, follow | index, follow, max-video-preview:-1, max-image-preview:large, max-snippet:-1","Sasha Corporation","Sasha Corporation - Smart technology solutions in Bangladesh","INTENTIONAL ALTERNATE","KEEP - VALID ALTERNATE CANONICAL; CURRENT SOURCE ALSO STRIPS THE m QUERY AFTER DEPLOYMENT","HIGH",""
"https://sashabd.com/?m=40730875131840","Alternate page with proper canonical tag","2026-04-24","PARAMETER/ALTERNATE URL","out/index.html","200","https://sashabd.com/?m=40730875131840 [200]","0","https://sashabd.com/?m=40730875131840","200","true","index, follow | index, follow, max-video-preview:-1, max-image-preview:large, max-snippet:-1","","https://sashabd.com/","https://sashabd.com/","false","false","0","text/html","Sasha Corporation","Sasha Corporation - Smart technology solutions in Bangladesh","https://sashabd.com/","index, follow | index, follow, max-video-preview:-1, max-image-preview:large, max-snippet:-1","Sasha Corporation","Sasha Corporation - Smart technology solutions in Bangladesh","INTENTIONAL ALTERNATE","KEEP - VALID ALTERNATE CANONICAL; CURRENT SOURCE ALSO STRIPS THE m QUERY AFTER DEPLOYMENT","HIGH",""
"https://sashabd.com/?m=69275041071840","Alternate page with proper canonical tag","2026-04-24","PARAMETER/ALTERNATE URL","out/index.html","200","https://sashabd.com/?m=69275041071840 [200]","0","https://sashabd.com/?m=69275041071840","200","true","index, follow | index, follow, max-video-preview:-1, max-image-preview:large, max-snippet:-1","","https://sashabd.com/","https://sashabd.com/","false","false","0","text/html","Sasha Corporation","Sasha Corporation - Smart technology solutions in Bangladesh","https://sashabd.com/","index, follow | index, follow, max-video-preview:-1, max-image-preview:large, max-snippet:-1","Sasha Corporation","Sasha Corporation - Smart technology solutions in Bangladesh","INTENTIONAL ALTERNATE","KEEP - VALID ALTERNATE CANONICAL; CURRENT SOURCE ALSO STRIPS THE m QUERY AFTER DEPLOYMENT","HIGH",""
"https://sashabd.com/?m=17690880041840","Alternate page with proper canonical tag","2026-04-24","PARAMETER/ALTERNATE URL","out/index.html","200","https://sashabd.com/?m=17690880041840 [200]","0","https://sashabd.com/?m=17690880041840","200","true","index, follow | index, follow, max-video-preview:-1, max-image-preview:large, max-snippet:-1","","https://sashabd.com/","https://sashabd.com/","false","false","0","text/html","Sasha Corporation","Sasha Corporation - Smart technology solutions in Bangladesh","https://sashabd.com/","index, follow | index, follow, max-video-preview:-1, max-image-preview:large, max-snippet:-1","Sasha Corporation","Sasha Corporation - Smart technology solutions in Bangladesh","INTENTIONAL ALTERNATE","KEEP - VALID ALTERNATE CANONICAL; CURRENT SOURCE ALSO STRIPS THE m QUERY AFTER DEPLOYMENT","HIGH",""
"https://sashabd.com/?m=34755759061840","Alternate page with proper canonical tag","2026-04-24","PARAMETER/ALTERNATE URL","out/index.html","200","https://sashabd.com/?m=34755759061840 [200]","0","https://sashabd.com/?m=34755759061840","200","true","index, follow | index, follow, max-video-preview:-1, max-image-preview:large, max-snippet:-1","","https://sashabd.com/","https://sashabd.com/","false","false","0","text/html","Sasha Corporation","Sasha Corporation - Smart technology solutions in Bangladesh","https://sashabd.com/","index, follow | index, follow, max-video-preview:-1, max-image-preview:large, max-snippet:-1","Sasha Corporation","Sasha Corporation - Smart technology solutions in Bangladesh","INTENTIONAL ALTERNATE","KEEP - VALID ALTERNATE CANONICAL; CURRENT SOURCE ALSO STRIPS THE m QUERY AFTER DEPLOYMENT","HIGH",""
"https://sashabd.com/?m=31726642091840","Alternate page with proper canonical tag","2026-04-24","PARAMETER/ALTERNATE URL","out/index.html","200","https://sashabd.com/?m=31726642091840 [200]","0","https://sashabd.com/?m=31726642091840","200","true","index, follow | index, follow, max-video-preview:-1, max-image-preview:large, max-snippet:-1","","https://sashabd.com/","https://sashabd.com/","false","false","0","text/html","Sasha Corporation","Sasha Corporation - Smart technology solutions in Bangladesh","https://sashabd.com/","index, follow | index, follow, max-video-preview:-1, max-image-preview:large, max-snippet:-1","Sasha Corporation","Sasha Corporation - Smart technology solutions in Bangladesh","INTENTIONAL ALTERNATE","KEEP - VALID ALTERNATE CANONICAL; CURRENT SOURCE ALSO STRIPS THE m QUERY AFTER DEPLOYMENT","HIGH",""
"https://sashabd.com/?m=97986325041840","Alternate page with proper canonical tag","2026-04-24","PARAMETER/ALTERNATE URL","out/index.html","200","https://sashabd.com/?m=97986325041840 [200]","0","https://sashabd.com/?m=97986325041840","200","true","index, follow | index, follow, max-video-preview:-1, max-image-preview:large, max-snippet:-1","","https://sashabd.com/","https://sashabd.com/","false","false","0","text/html","Sasha Corporation","Sasha Corporation - Smart technology solutions in Bangladesh","https://sashabd.com/","index, follow | index, follow, max-video-preview:-1, max-image-preview:large, max-snippet:-1","Sasha Corporation","Sasha Corporation - Smart technology solutions in Bangladesh","INTENTIONAL ALTERNATE","KEEP - VALID ALTERNATE CANONICAL; CURRENT SOURCE ALSO STRIPS THE m QUERY AFTER DEPLOYMENT","HIGH",""
"https://sashabd.com/?m=16245427061840","Alternate page with proper canonical tag","2026-04-24","PARAMETER/ALTERNATE URL","out/index.html","200","https://sashabd.com/?m=16245427061840 [200]","0","https://sashabd.com/?m=16245427061840","200","true","index, follow | index, follow, max-video-preview:-1, max-image-preview:large, max-snippet:-1","","https://sashabd.com/","https://sashabd.com/","false","false","0","text/html","Sasha Corporation","Sasha Corporation - Smart technology solutions in Bangladesh","https://sashabd.com/","index, follow | index, follow, max-video-preview:-1, max-image-preview:large, max-snippet:-1","Sasha Corporation","Sasha Corporation - Smart technology solutions in Bangladesh","INTENTIONAL ALTERNATE","KEEP - VALID ALTERNATE CANONICAL; CURRENT SOURCE ALSO STRIPS THE m QUERY AFTER DEPLOYMENT","HIGH",""
"https://sashabd.com/?m=61622112031840","Alternate page with proper canonical tag","2026-04-24","PARAMETER/ALTERNATE URL","out/index.html","200","https://sashabd.com/?m=61622112031840 [200]","0","https://sashabd.com/?m=61622112031840","200","true","index, follow | index, follow, max-video-preview:-1, max-image-preview:large, max-snippet:-1","","https://sashabd.com/","https://sashabd.com/","false","false","0","text/html","Sasha Corporation","Sasha Corporation - Smart technology solutions in Bangladesh","https://sashabd.com/","index, follow | index, follow, max-video-preview:-1, max-image-preview:large, max-snippet:-1","Sasha Corporation","Sasha Corporation - Smart technology solutions in Bangladesh","INTENTIONAL ALTERNATE","KEEP - VALID ALTERNATE CANONICAL; CURRENT SOURCE ALSO STRIPS THE m QUERY AFTER DEPLOYMENT","HIGH",""
"https://sashabd.com/?m=50752945021840","Alternate page with proper canonical tag","2026-04-24","PARAMETER/ALTERNATE URL","out/index.html","200","https://sashabd.com/?m=50752945021840 [200]","0","https://sashabd.com/?m=50752945021840","200","true","index, follow | index, follow, max-video-preview:-1, max-image-preview:large, max-snippet:-1","","https://sashabd.com/","https://sashabd.com/","false","false","0","text/html","Sasha Corporation","Sasha Corporation - Smart technology solutions in Bangladesh","https://sashabd.com/","index, follow | index, follow, max-video-preview:-1, max-image-preview:large, max-snippet:-1","Sasha Corporation","Sasha Corporation - Smart technology solutions in Bangladesh","INTENTIONAL ALTERNATE","KEEP - VALID ALTERNATE CANONICAL; CURRENT SOURCE ALSO STRIPS THE m QUERY AFTER DEPLOYMENT","HIGH",""
"https://sashabd.com/?m=15953890001840","Alternate page with proper canonical tag","2026-04-24","PARAMETER/ALTERNATE URL","out/index.html","200","https://sashabd.com/?m=15953890001840 [200]","0","https://sashabd.com/?m=15953890001840","200","true","index, follow | index, follow, max-video-preview:-1, max-image-preview:large, max-snippet:-1","","https://sashabd.com/","https://sashabd.com/","false","false","0","text/html","Sasha Corporation","Sasha Corporation - Smart technology solutions in Bangladesh","https://sashabd.com/","index, follow | index, follow, max-video-preview:-1, max-image-preview:large, max-snippet:-1","Sasha Corporation","Sasha Corporation - Smart technology solutions in Bangladesh","INTENTIONAL ALTERNATE","KEEP - VALID ALTERNATE CANONICAL; CURRENT SOURCE ALSO STRIPS THE m QUERY AFTER DEPLOYMENT","HIGH",""
"https://sashabd.com/?m=112583973051840","Alternate page with proper canonical tag","2026-04-24","PARAMETER/ALTERNATE URL","out/index.html","200","https://sashabd.com/?m=112583973051840 [200]","0","https://sashabd.com/?m=112583973051840","200","true","index, follow | index, follow, max-video-preview:-1, max-image-preview:large, max-snippet:-1","","https://sashabd.com/","https://sashabd.com/","false","false","0","text/html","Sasha Corporation","Sasha Corporation - Smart technology solutions in Bangladesh","https://sashabd.com/","index, follow | index, follow, max-video-preview:-1, max-image-preview:large, max-snippet:-1","Sasha Corporation","Sasha Corporation - Smart technology solutions in Bangladesh","INTENTIONAL ALTERNATE","KEEP - VALID ALTERNATE CANONICAL; CURRENT SOURCE ALSO STRIPS THE m QUERY AFTER DEPLOYMENT","HIGH",""
"https://sashabd.com/?m=65509570011840","Alternate page with proper canonical tag","2026-04-24","PARAMETER/ALTERNATE URL","out/index.html","200","https://sashabd.com/?m=65509570011840 [200]","0","https://sashabd.com/?m=65509570011840","200","true","index, follow | index, follow, max-video-preview:-1, max-image-preview:large, max-snippet:-1","","https://sashabd.com/","https://sashabd.com/","false","false","0","text/html","Sasha Corporation","Sasha Corporation - Smart technology solutions in Bangladesh","https://sashabd.com/","index, follow | index, follow, max-video-preview:-1, max-image-preview:large, max-snippet:-1","Sasha Corporation","Sasha Corporation - Smart technology solutions in Bangladesh","INTENTIONAL ALTERNATE","KEEP - VALID ALTERNATE CANONICAL; CURRENT SOURCE ALSO STRIPS THE m QUERY AFTER DEPLOYMENT","HIGH",""
"https://sashabd.com/?m=78663358021840","Alternate page with proper canonical tag","2026-04-24","PARAMETER/ALTERNATE URL","out/index.html","200","https://sashabd.com/?m=78663358021840 [200]","0","https://sashabd.com/?m=78663358021840","200","true","index, follow | index, follow, max-video-preview:-1, max-image-preview:large, max-snippet:-1","","https://sashabd.com/","https://sashabd.com/","false","false","0","text/html","Sasha Corporation","Sasha Corporation - Smart technology solutions in Bangladesh","https://sashabd.com/","index, follow | index, follow, max-video-preview:-1, max-image-preview:large, max-snippet:-1","Sasha Corporation","Sasha Corporation - Smart technology solutions in Bangladesh","INTENTIONAL ALTERNATE","KEEP - VALID ALTERNATE CANONICAL; CURRENT SOURCE ALSO STRIPS THE m QUERY AFTER DEPLOYMENT","HIGH",""
"https://sashabd.com/?m=33711254021840","Alternate page with proper canonical tag","2026-04-24","PARAMETER/ALTERNATE URL","out/index.html","200","https://sashabd.com/?m=33711254021840 [200]","0","https://sashabd.com/?m=33711254021840","200","true","index, follow | index, follow, max-video-preview:-1, max-image-preview:large, max-snippet:-1","","https://sashabd.com/","https://sashabd.com/","false","false","0","text/html","Sasha Corporation","Sasha Corporation - Smart technology solutions in Bangladesh","https://sashabd.com/","index, follow | index, follow, max-video-preview:-1, max-image-preview:large, max-snippet:-1","Sasha Corporation","Sasha Corporation - Smart technology solutions in Bangladesh","INTENTIONAL ALTERNATE","KEEP - VALID ALTERNATE CANONICAL; CURRENT SOURCE ALSO STRIPS THE m QUERY AFTER DEPLOYMENT","HIGH",""
"https://sashabd.com/?m=45522168031840","Alternate page with proper canonical tag","2026-04-23","PARAMETER/ALTERNATE URL","out/index.html","200","https://sashabd.com/?m=45522168031840 [200]","0","https://sashabd.com/?m=45522168031840","200","true","index, follow | index, follow, max-video-preview:-1, max-image-preview:large, max-snippet:-1","","https://sashabd.com/","https://sashabd.com/","false","false","0","text/html","Sasha Corporation","Sasha Corporation - Smart technology solutions in Bangladesh","https://sashabd.com/","index, follow | index, follow, max-video-preview:-1, max-image-preview:large, max-snippet:-1","Sasha Corporation","Sasha Corporation - Smart technology solutions in Bangladesh","INTENTIONAL ALTERNATE","KEEP - VALID ALTERNATE CANONICAL; CURRENT SOURCE ALSO STRIPS THE m QUERY AFTER DEPLOYMENT","HIGH",""
"https://sashabd.com/?m=64404890061840","Alternate page with proper canonical tag","2026-04-23","PARAMETER/ALTERNATE URL","out/index.html","200","https://sashabd.com/?m=64404890061840 [200]","0","https://sashabd.com/?m=64404890061840","200","true","index, follow | index, follow, max-video-preview:-1, max-image-preview:large, max-snippet:-1","","https://sashabd.com/","https://sashabd.com/","false","false","0","text/html","Sasha Corporation","Sasha Corporation - Smart technology solutions in Bangladesh","https://sashabd.com/","index, follow | index, follow, max-video-preview:-1, max-image-preview:large, max-snippet:-1","Sasha Corporation","Sasha Corporation - Smart technology solutions in Bangladesh","INTENTIONAL ALTERNATE","KEEP - VALID ALTERNATE CANONICAL; CURRENT SOURCE ALSO STRIPS THE m QUERY AFTER DEPLOYMENT","HIGH",""
"https://sashabd.com/?m=71177756051840","Alternate page with proper canonical tag","2026-04-23","PARAMETER/ALTERNATE URL","out/index.html","200","https://sashabd.com/?m=71177756051840 [200]","0","https://sashabd.com/?m=71177756051840","200","true","index, follow | index, follow, max-video-preview:-1, max-image-preview:large, max-snippet:-1","","https://sashabd.com/","https://sashabd.com/","false","false","0","text/html","Sasha Corporation","Sasha Corporation - Smart technology solutions in Bangladesh","https://sashabd.com/","index, follow | index, follow, max-video-preview:-1, max-image-preview:large, max-snippet:-1","Sasha Corporation","Sasha Corporation - Smart technology solutions in Bangladesh","INTENTIONAL ALTERNATE","KEEP - VALID ALTERNATE CANONICAL; CURRENT SOURCE ALSO STRIPS THE m QUERY AFTER DEPLOYMENT","HIGH",""
"https://sashabd.com/?m=3297878031840","Alternate page with proper canonical tag","2026-04-23","PARAMETER/ALTERNATE URL","out/index.html","200","https://sashabd.com/?m=3297878031840 [200]","0","https://sashabd.com/?m=3297878031840","200","true","index, follow | index, follow, max-video-preview:-1, max-image-preview:large, max-snippet:-1","","https://sashabd.com/","https://sashabd.com/","false","false","0","text/html","Sasha Corporation","Sasha Corporation - Smart technology solutions in Bangladesh","https://sashabd.com/","index, follow | index, follow, max-video-preview:-1, max-image-preview:large, max-snippet:-1","Sasha Corporation","Sasha Corporation - Smart technology solutions in Bangladesh","INTENTIONAL ALTERNATE","KEEP - VALID ALTERNATE CANONICAL; CURRENT SOURCE ALSO STRIPS THE m QUERY AFTER DEPLOYMENT","HIGH",""
"https://sashabd.com/?m=18284022001840","Alternate page with proper canonical tag","2026-04-23","PARAMETER/ALTERNATE URL","out/index.html","200","https://sashabd.com/?m=18284022001840 [200]","0","https://sashabd.com/?m=18284022001840","200","true","index, follow | index, follow, max-video-preview:-1, max-image-preview:large, max-snippet:-1","","https://sashabd.com/","https://sashabd.com/","false","false","0","text/html","Sasha Corporation","Sasha Corporation - Smart technology solutions in Bangladesh","https://sashabd.com/","index, follow | index, follow, max-video-preview:-1, max-image-preview:large, max-snippet:-1","Sasha Corporation","Sasha Corporation - Smart technology solutions in Bangladesh","INTENTIONAL ALTERNATE","KEEP - VALID ALTERNATE CANONICAL; CURRENT SOURCE ALSO STRIPS THE m QUERY AFTER DEPLOYMENT","HIGH",""
"https://sashabd.com/?m=110063811001840","Alternate page with proper canonical tag","2026-04-23","PARAMETER/ALTERNATE URL","out/index.html","200","https://sashabd.com/?m=110063811001840 [200]","0","https://sashabd.com/?m=110063811001840","200","true","index, follow | index, follow, max-video-preview:-1, max-image-preview:large, max-snippet:-1","","https://sashabd.com/","https://sashabd.com/","false","false","0","text/html","Sasha Corporation","Sasha Corporation - Smart technology solutions in Bangladesh","https://sashabd.com/","index, follow | index, follow, max-video-preview:-1, max-image-preview:large, max-snippet:-1","Sasha Corporation","Sasha Corporation - Smart technology solutions in Bangladesh","INTENTIONAL ALTERNATE","KEEP - VALID ALTERNATE CANONICAL; CURRENT SOURCE ALSO STRIPS THE m QUERY AFTER DEPLOYMENT","HIGH",""
"https://sashabd.com/?m=14863469051840","Alternate page with proper canonical tag","2026-04-23","PARAMETER/ALTERNATE URL","out/index.html","200","https://sashabd.com/?m=14863469051840 [200]","0","https://sashabd.com/?m=14863469051840","200","true","index, follow | index, follow, max-video-preview:-1, max-image-preview:large, max-snippet:-1","","https://sashabd.com/","https://sashabd.com/","false","false","0","text/html","Sasha Corporation","Sasha Corporation - Smart technology solutions in Bangladesh","https://sashabd.com/","index, follow | index, follow, max-video-preview:-1, max-image-preview:large, max-snippet:-1","Sasha Corporation","Sasha Corporation - Smart technology solutions in Bangladesh","INTENTIONAL ALTERNATE","KEEP - VALID ALTERNATE CANONICAL; CURRENT SOURCE ALSO STRIPS THE m QUERY AFTER DEPLOYMENT","HIGH",""
"https://sashabd.com/?m=50741892041840","Alternate page with proper canonical tag","2026-04-23","PARAMETER/ALTERNATE URL","out/index.html","200","https://sashabd.com/?m=50741892041840 [200]","0","https://sashabd.com/?m=50741892041840","200","true","index, follow | index, follow, max-video-preview:-1, max-image-preview:large, max-snippet:-1","","https://sashabd.com/","https://sashabd.com/","false","false","0","text/html","Sasha Corporation","Sasha Corporation - Smart technology solutions in Bangladesh","https://sashabd.com/","index, follow | index, follow, max-video-preview:-1, max-image-preview:large, max-snippet:-1","Sasha Corporation","Sasha Corporation - Smart technology solutions in Bangladesh","INTENTIONAL ALTERNATE","KEEP - VALID ALTERNATE CANONICAL; CURRENT SOURCE ALSO STRIPS THE m QUERY AFTER DEPLOYMENT","HIGH",""
"https://sashabd.com/?m=64416002131840","Alternate page with proper canonical tag","2026-04-23","PARAMETER/ALTERNATE URL","out/index.html","200","https://sashabd.com/?m=64416002131840 [200]","0","https://sashabd.com/?m=64416002131840","200","true","index, follow | index, follow, max-video-preview:-1, max-image-preview:large, max-snippet:-1","","https://sashabd.com/","https://sashabd.com/","false","false","0","text/html","Sasha Corporation","Sasha Corporation - Smart technology solutions in Bangladesh","https://sashabd.com/","index, follow | index, follow, max-video-preview:-1, max-image-preview:large, max-snippet:-1","Sasha Corporation","Sasha Corporation - Smart technology solutions in Bangladesh","INTENTIONAL ALTERNATE","KEEP - VALID ALTERNATE CANONICAL; CURRENT SOURCE ALSO STRIPS THE m QUERY AFTER DEPLOYMENT","HIGH",""
"https://sashabd.com/?m=15114718031840","Alternate page with proper canonical tag","2026-04-23","PARAMETER/ALTERNATE URL","out/index.html","200","https://sashabd.com/?m=15114718031840 [200]","0","https://sashabd.com/?m=15114718031840","200","true","index, follow | index, follow, max-video-preview:-1, max-image-preview:large, max-snippet:-1","","https://sashabd.com/","https://sashabd.com/","false","false","0","text/html","Sasha Corporation","Sasha Corporation - Smart technology solutions in Bangladesh","https://sashabd.com/","index, follow | index, follow, max-video-preview:-1, max-image-preview:large, max-snippet:-1","Sasha Corporation","Sasha Corporation - Smart technology solutions in Bangladesh","INTENTIONAL ALTERNATE","KEEP - VALID ALTERNATE CANONICAL; CURRENT SOURCE ALSO STRIPS THE m QUERY AFTER DEPLOYMENT","HIGH",""
"https://sashabd.com/?m=33792650051840","Alternate page with proper canonical tag","2026-04-23","PARAMETER/ALTERNATE URL","out/index.html","200","https://sashabd.com/?m=33792650051840 [200]","0","https://sashabd.com/?m=33792650051840","200","true","index, follow | index, follow, max-video-preview:-1, max-image-preview:large, max-snippet:-1","","https://sashabd.com/","https://sashabd.com/","false","false","0","text/html","Sasha Corporation","Sasha Corporation - Smart technology solutions in Bangladesh","https://sashabd.com/","index, follow | index, follow, max-video-preview:-1, max-image-preview:large, max-snippet:-1","Sasha Corporation","Sasha Corporation - Smart technology solutions in Bangladesh","INTENTIONAL ALTERNATE","KEEP - VALID ALTERNATE CANONICAL; CURRENT SOURCE ALSO STRIPS THE m QUERY AFTER DEPLOYMENT","HIGH",""
"https://sashabd.com/?m=27353874021840","Alternate page with proper canonical tag","2026-04-23","PARAMETER/ALTERNATE URL","out/index.html","200","https://sashabd.com/?m=27353874021840 [200]","0","https://sashabd.com/?m=27353874021840","200","true","index, follow | index, follow, max-video-preview:-1, max-image-preview:large, max-snippet:-1","","https://sashabd.com/","https://sashabd.com/","false","false","0","text/html","Sasha Corporation","Sasha Corporation - Smart technology solutions in Bangladesh","https://sashabd.com/","index, follow | index, follow, max-video-preview:-1, max-image-preview:large, max-snippet:-1","Sasha Corporation","Sasha Corporation - Smart technology solutions in Bangladesh","INTENTIONAL ALTERNATE","KEEP - VALID ALTERNATE CANONICAL; CURRENT SOURCE ALSO STRIPS THE m QUERY AFTER DEPLOYMENT","HIGH",""
"https://sashabd.com/?m=12617565011840","Alternate page with proper canonical tag","2026-04-23","PARAMETER/ALTERNATE URL","out/index.html","200","https://sashabd.com/?m=12617565011840 [200]","0","https://sashabd.com/?m=12617565011840","200","true","index, follow | index, follow, max-video-preview:-1, max-image-preview:large, max-snippet:-1","","https://sashabd.com/","https://sashabd.com/","false","false","0","text/html","Sasha Corporation","Sasha Corporation - Smart technology solutions in Bangladesh","https://sashabd.com/","index, follow | index, follow, max-video-preview:-1, max-image-preview:large, max-snippet:-1","Sasha Corporation","Sasha Corporation - Smart technology solutions in Bangladesh","INTENTIONAL ALTERNATE","KEEP - VALID ALTERNATE CANONICAL; CURRENT SOURCE ALSO STRIPS THE m QUERY AFTER DEPLOYMENT","HIGH",""
"https://sashabd.com/?m=117508209021840","Alternate page with proper canonical tag","2026-04-23","PARAMETER/ALTERNATE URL","out/index.html","200","https://sashabd.com/?m=117508209021840 [200]","0","https://sashabd.com/?m=117508209021840","200","true","index, follow | index, follow, max-video-preview:-1, max-image-preview:large, max-snippet:-1","","https://sashabd.com/","https://sashabd.com/","false","false","0","text/html","Sasha Corporation","Sasha Corporation - Smart technology solutions in Bangladesh","https://sashabd.com/","index, follow | index, follow, max-video-preview:-1, max-image-preview:large, max-snippet:-1","Sasha Corporation","Sasha Corporation - Smart technology solutions in Bangladesh","INTENTIONAL ALTERNATE","KEEP - VALID ALTERNATE CANONICAL; CURRENT SOURCE ALSO STRIPS THE m QUERY AFTER DEPLOYMENT","HIGH",""
"https://sashabd.com/?m=34211800031840","Alternate page with proper canonical tag","2026-04-23","PARAMETER/ALTERNATE URL","out/index.html","200","https://sashabd.com/?m=34211800031840 [200]","0","https://sashabd.com/?m=34211800031840","200","true","index, follow | index, follow, max-video-preview:-1, max-image-preview:large, max-snippet:-1","","https://sashabd.com/","https://sashabd.com/","false","false","0","text/html","Sasha Corporation","Sasha Corporation - Smart technology solutions in Bangladesh","https://sashabd.com/","index, follow | index, follow, max-video-preview:-1, max-image-preview:large, max-snippet:-1","Sasha Corporation","Sasha Corporation - Smart technology solutions in Bangladesh","INTENTIONAL ALTERNATE","KEEP - VALID ALTERNATE CANONICAL; CURRENT SOURCE ALSO STRIPS THE m QUERY AFTER DEPLOYMENT","HIGH",""
"https://sashabd.com/?m=12421650051840","Alternate page with proper canonical tag","2026-04-23","PARAMETER/ALTERNATE URL","out/index.html","200","https://sashabd.com/?m=12421650051840 [200]","0","https://sashabd.com/?m=12421650051840","200","true","index, follow | index, follow, max-video-preview:-1, max-image-preview:large, max-snippet:-1","","https://sashabd.com/","https://sashabd.com/","false","false","0","text/html","Sasha Corporation","Sasha Corporation - Smart technology solutions in Bangladesh","https://sashabd.com/","index, follow | index, follow, max-video-preview:-1, max-image-preview:large, max-snippet:-1","Sasha Corporation","Sasha Corporation - Smart technology solutions in Bangladesh","INTENTIONAL ALTERNATE","KEEP - VALID ALTERNATE CANONICAL; CURRENT SOURCE ALSO STRIPS THE m QUERY AFTER DEPLOYMENT","HIGH",""
"https://sashabd.com/?m=104486928141840","Alternate page with proper canonical tag","2026-04-23","PARAMETER/ALTERNATE URL","out/index.html","200","https://sashabd.com/?m=104486928141840 [200]","0","https://sashabd.com/?m=104486928141840","200","true","index, follow | index, follow, max-video-preview:-1, max-image-preview:large, max-snippet:-1","","https://sashabd.com/","https://sashabd.com/","false","false","0","text/html","Sasha Corporation","Sasha Corporation - Smart technology solutions in Bangladesh","https://sashabd.com/","index, follow | index, follow, max-video-preview:-1, max-image-preview:large, max-snippet:-1","Sasha Corporation","Sasha Corporation - Smart technology solutions in Bangladesh","INTENTIONAL ALTERNATE","KEEP - VALID ALTERNATE CANONICAL; CURRENT SOURCE ALSO STRIPS THE m QUERY AFTER DEPLOYMENT","HIGH",""
"https://sashabd.com/?m=16232529061840","Alternate page with proper canonical tag","2026-04-23","PARAMETER/ALTERNATE URL","out/index.html","200","https://sashabd.com/?m=16232529061840 [200]","0","https://sashabd.com/?m=16232529061840","200","true","index, follow | index, follow, max-video-preview:-1, max-image-preview:large, max-snippet:-1","","https://sashabd.com/","https://sashabd.com/","false","false","0","text/html","Sasha Corporation","Sasha Corporation - Smart technology solutions in Bangladesh","https://sashabd.com/","index, follow | index, follow, max-video-preview:-1, max-image-preview:large, max-snippet:-1","Sasha Corporation","Sasha Corporation - Smart technology solutions in Bangladesh","INTENTIONAL ALTERNATE","KEEP - VALID ALTERNATE CANONICAL; CURRENT SOURCE ALSO STRIPS THE m QUERY AFTER DEPLOYMENT","HIGH",""
"https://sashabd.com/?m=61433799051840","Alternate page with proper canonical tag","2026-04-23","PARAMETER/ALTERNATE URL","out/index.html","200","https://sashabd.com/?m=61433799051840 [200]","0","https://sashabd.com/?m=61433799051840","200","true","index, follow | index, follow, max-video-preview:-1, max-image-preview:large, max-snippet:-1","","https://sashabd.com/","https://sashabd.com/","false","false","0","text/html","Sasha Corporation","Sasha Corporation - Smart technology solutions in Bangladesh","https://sashabd.com/","index, follow | index, follow, max-video-preview:-1, max-image-preview:large, max-snippet:-1","Sasha Corporation","Sasha Corporation - Smart technology solutions in Bangladesh","INTENTIONAL ALTERNATE","KEEP - VALID ALTERNATE CANONICAL; CURRENT SOURCE ALSO STRIPS THE m QUERY AFTER DEPLOYMENT","HIGH",""
"https://sashabd.com/?m=96464389131840","Alternate page with proper canonical tag","2026-04-23","PARAMETER/ALTERNATE URL","out/index.html","200","https://sashabd.com/?m=96464389131840 [200]","0","https://sashabd.com/?m=96464389131840","200","true","index, follow | index, follow, max-video-preview:-1, max-image-preview:large, max-snippet:-1","","https://sashabd.com/","https://sashabd.com/","false","false","0","text/html","Sasha Corporation","Sasha Corporation - Smart technology solutions in Bangladesh","https://sashabd.com/","index, follow | index, follow, max-video-preview:-1, max-image-preview:large, max-snippet:-1","Sasha Corporation","Sasha Corporation - Smart technology solutions in Bangladesh","INTENTIONAL ALTERNATE","KEEP - VALID ALTERNATE CANONICAL; CURRENT SOURCE ALSO STRIPS THE m QUERY AFTER DEPLOYMENT","HIGH",""
"https://sashabd.com/?m=49951212081840","Alternate page with proper canonical tag","2026-04-23","PARAMETER/ALTERNATE URL","out/index.html","200","https://sashabd.com/?m=49951212081840 [200]","0","https://sashabd.com/?m=49951212081840","200","true","index, follow | index, follow, max-video-preview:-1, max-image-preview:large, max-snippet:-1","","https://sashabd.com/","https://sashabd.com/","false","false","0","text/html","Sasha Corporation","Sasha Corporation - Smart technology solutions in Bangladesh","https://sashabd.com/","index, follow | index, follow, max-video-preview:-1, max-image-preview:large, max-snippet:-1","Sasha Corporation","Sasha Corporation - Smart technology solutions in Bangladesh","INTENTIONAL ALTERNATE","KEEP - VALID ALTERNATE CANONICAL; CURRENT SOURCE ALSO STRIPS THE m QUERY AFTER DEPLOYMENT","HIGH",""
"https://sashabd.com/?m=107403414041840","Alternate page with proper canonical tag","2026-04-23","PARAMETER/ALTERNATE URL","out/index.html","200","https://sashabd.com/?m=107403414041840 [200]","0","https://sashabd.com/?m=107403414041840","200","true","index, follow | index, follow, max-video-preview:-1, max-image-preview:large, max-snippet:-1","","https://sashabd.com/","https://sashabd.com/","false","false","0","text/html","Sasha Corporation","Sasha Corporation - Smart technology solutions in Bangladesh","https://sashabd.com/","index, follow | index, follow, max-video-preview:-1, max-image-preview:large, max-snippet:-1","Sasha Corporation","Sasha Corporation - Smart technology solutions in Bangladesh","INTENTIONAL ALTERNATE","KEEP - VALID ALTERNATE CANONICAL; CURRENT SOURCE ALSO STRIPS THE m QUERY AFTER DEPLOYMENT","HIGH",""
"https://sashabd.com/?m=93674524041840","Alternate page with proper canonical tag","2026-04-22","PARAMETER/ALTERNATE URL","out/index.html","200","https://sashabd.com/?m=93674524041840 [200]","0","https://sashabd.com/?m=93674524041840","200","true","index, follow | index, follow, max-video-preview:-1, max-image-preview:large, max-snippet:-1","","https://sashabd.com/","https://sashabd.com/","false","false","0","text/html","Sasha Corporation","Sasha Corporation - Smart technology solutions in Bangladesh","https://sashabd.com/","index, follow | index, follow, max-video-preview:-1, max-image-preview:large, max-snippet:-1","Sasha Corporation","Sasha Corporation - Smart technology solutions in Bangladesh","INTENTIONAL ALTERNATE","KEEP - VALID ALTERNATE CANONICAL; CURRENT SOURCE ALSO STRIPS THE m QUERY AFTER DEPLOYMENT","HIGH",""
"https://sashabd.com/?m=49974743111840","Alternate page with proper canonical tag","2026-04-22","PARAMETER/ALTERNATE URL","out/index.html","200","https://sashabd.com/?m=49974743111840 [200]","0","https://sashabd.com/?m=49974743111840","200","true","index, follow | index, follow, max-video-preview:-1, max-image-preview:large, max-snippet:-1","","https://sashabd.com/","https://sashabd.com/","false","false","0","text/html","Sasha Corporation","Sasha Corporation - Smart technology solutions in Bangladesh","https://sashabd.com/","index, follow | index, follow, max-video-preview:-1, max-image-preview:large, max-snippet:-1","Sasha Corporation","Sasha Corporation - Smart technology solutions in Bangladesh","INTENTIONAL ALTERNATE","KEEP - VALID ALTERNATE CANONICAL; CURRENT SOURCE ALSO STRIPS THE m QUERY AFTER DEPLOYMENT","HIGH",""
"https://sashabd.com/?m=25027966021840","Alternate page with proper canonical tag","2026-04-22","PARAMETER/ALTERNATE URL","out/index.html","200","https://sashabd.com/?m=25027966021840 [200]","0","https://sashabd.com/?m=25027966021840","200","true","index, follow | index, follow, max-video-preview:-1, max-image-preview:large, max-snippet:-1","","https://sashabd.com/","https://sashabd.com/","false","false","0","text/html","Sasha Corporation","Sasha Corporation - Smart technology solutions in Bangladesh","https://sashabd.com/","index, follow | index, follow, max-video-preview:-1, max-image-preview:large, max-snippet:-1","Sasha Corporation","Sasha Corporation - Smart technology solutions in Bangladesh","INTENTIONAL ALTERNATE","KEEP - VALID ALTERNATE CANONICAL; CURRENT SOURCE ALSO STRIPS THE m QUERY AFTER DEPLOYMENT","HIGH",""
"https://sashabd.com/?m=101715423041840","Alternate page with proper canonical tag","2026-04-22","PARAMETER/ALTERNATE URL","out/index.html","200","https://sashabd.com/?m=101715423041840 [200]","0","https://sashabd.com/?m=101715423041840","200","true","index, follow | index, follow, max-video-preview:-1, max-image-preview:large, max-snippet:-1","","https://sashabd.com/","https://sashabd.com/","false","false","0","text/html","Sasha Corporation","Sasha Corporation - Smart technology solutions in Bangladesh","https://sashabd.com/","index, follow | index, follow, max-video-preview:-1, max-image-preview:large, max-snippet:-1","Sasha Corporation","Sasha Corporation - Smart technology solutions in Bangladesh","INTENTIONAL ALTERNATE","KEEP - VALID ALTERNATE CANONICAL; CURRENT SOURCE ALSO STRIPS THE m QUERY AFTER DEPLOYMENT","HIGH",""
"https://sashabd.com/?m=77338089031840","Alternate page with proper canonical tag","2026-04-22","PARAMETER/ALTERNATE URL","out/index.html","200","https://sashabd.com/?m=77338089031840 [200]","0","https://sashabd.com/?m=77338089031840","200","true","index, follow | index, follow, max-video-preview:-1, max-image-preview:large, max-snippet:-1","","https://sashabd.com/","https://sashabd.com/","false","false","0","text/html","Sasha Corporation","Sasha Corporation - Smart technology solutions in Bangladesh","https://sashabd.com/","index, follow | index, follow, max-video-preview:-1, max-image-preview:large, max-snippet:-1","Sasha Corporation","Sasha Corporation - Smart technology solutions in Bangladesh","INTENTIONAL ALTERNATE","KEEP - VALID ALTERNATE CANONICAL; CURRENT SOURCE ALSO STRIPS THE m QUERY AFTER DEPLOYMENT","HIGH",""
"https://sashabd.com/?m=93532964091840","Alternate page with proper canonical tag","2026-04-22","PARAMETER/ALTERNATE URL","out/index.html","200","https://sashabd.com/?m=93532964091840 [200]","0","https://sashabd.com/?m=93532964091840","200","true","index, follow | index, follow, max-video-preview:-1, max-image-preview:large, max-snippet:-1","","https://sashabd.com/","https://sashabd.com/","false","false","0","text/html","Sasha Corporation","Sasha Corporation - Smart technology solutions in Bangladesh","https://sashabd.com/","index, follow | index, follow, max-video-preview:-1, max-image-preview:large, max-snippet:-1","Sasha Corporation","Sasha Corporation - Smart technology solutions in Bangladesh","INTENTIONAL ALTERNATE","KEEP - VALID ALTERNATE CANONICAL; CURRENT SOURCE ALSO STRIPS THE m QUERY AFTER DEPLOYMENT","HIGH",""
"https://sashabd.com/?m=117566986091840","Alternate page with proper canonical tag","2026-04-22","PARAMETER/ALTERNATE URL","out/index.html","200","https://sashabd.com/?m=117566986091840 [200]","0","https://sashabd.com/?m=117566986091840","200","true","index, follow | index, follow, max-video-preview:-1, max-image-preview:large, max-snippet:-1","","https://sashabd.com/","https://sashabd.com/","false","false","0","text/html","Sasha Corporation","Sasha Corporation - Smart technology solutions in Bangladesh","https://sashabd.com/","index, follow | index, follow, max-video-preview:-1, max-image-preview:large, max-snippet:-1","Sasha Corporation","Sasha Corporation - Smart technology solutions in Bangladesh","INTENTIONAL ALTERNATE","KEEP - VALID ALTERNATE CANONICAL; CURRENT SOURCE ALSO STRIPS THE m QUERY AFTER DEPLOYMENT","HIGH",""
"https://sashabd.com/?m=23104596011840","Alternate page with proper canonical tag","2026-04-22","PARAMETER/ALTERNATE URL","out/index.html","200","https://sashabd.com/?m=23104596011840 [200]","0","https://sashabd.com/?m=23104596011840","200","true","index, follow | index, follow, max-video-preview:-1, max-image-preview:large, max-snippet:-1","","https://sashabd.com/","https://sashabd.com/","false","false","0","text/html","Sasha Corporation","Sasha Corporation - Smart technology solutions in Bangladesh","https://sashabd.com/","index, follow | index, follow, max-video-preview:-1, max-image-preview:large, max-snippet:-1","Sasha Corporation","Sasha Corporation - Smart technology solutions in Bangladesh","INTENTIONAL ALTERNATE","KEEP - VALID ALTERNATE CANONICAL; CURRENT SOURCE ALSO STRIPS THE m QUERY AFTER DEPLOYMENT","HIGH",""
"https://sashabd.com/?m=50022917031840","Alternate page with proper canonical tag","2026-04-22","PARAMETER/ALTERNATE URL","out/index.html","200","https://sashabd.com/?m=50022917031840 [200]","0","https://sashabd.com/?m=50022917031840","200","true","index, follow | index, follow, max-video-preview:-1, max-image-preview:large, max-snippet:-1","","https://sashabd.com/","https://sashabd.com/","false","false","0","text/html","Sasha Corporation","Sasha Corporation - Smart technology solutions in Bangladesh","https://sashabd.com/","index, follow | index, follow, max-video-preview:-1, max-image-preview:large, max-snippet:-1","Sasha Corporation","Sasha Corporation - Smart technology solutions in Bangladesh","INTENTIONAL ALTERNATE","KEEP - VALID ALTERNATE CANONICAL; CURRENT SOURCE ALSO STRIPS THE m QUERY AFTER DEPLOYMENT","HIGH",""
"https://sashabd.com/?m=17522897051840","Alternate page with proper canonical tag","2026-04-22","PARAMETER/ALTERNATE URL","out/index.html","200","https://sashabd.com/?m=17522897051840 [200]","0","https://sashabd.com/?m=17522897051840","200","true","index, follow | index, follow, max-video-preview:-1, max-image-preview:large, max-snippet:-1","","https://sashabd.com/","https://sashabd.com/","false","false","0","text/html","Sasha Corporation","Sasha Corporation - Smart technology solutions in Bangladesh","https://sashabd.com/","index, follow | index, follow, max-video-preview:-1, max-image-preview:large, max-snippet:-1","Sasha Corporation","Sasha Corporation - Smart technology solutions in Bangladesh","INTENTIONAL ALTERNATE","KEEP - VALID ALTERNATE CANONICAL; CURRENT SOURCE ALSO STRIPS THE m QUERY AFTER DEPLOYMENT","HIGH",""
"https://sashabd.com/?m=54948884031840","Alternate page with proper canonical tag","2026-04-22","PARAMETER/ALTERNATE URL","out/index.html","200","https://sashabd.com/?m=54948884031840 [200]","0","https://sashabd.com/?m=54948884031840","200","true","index, follow | index, follow, max-video-preview:-1, max-image-preview:large, max-snippet:-1","","https://sashabd.com/","https://sashabd.com/","false","false","0","text/html","Sasha Corporation","Sasha Corporation - Smart technology solutions in Bangladesh","https://sashabd.com/","index, follow | index, follow, max-video-preview:-1, max-image-preview:large, max-snippet:-1","Sasha Corporation","Sasha Corporation - Smart technology solutions in Bangladesh","INTENTIONAL ALTERNATE","KEEP - VALID ALTERNATE CANONICAL; CURRENT SOURCE ALSO STRIPS THE m QUERY AFTER DEPLOYMENT","HIGH",""
"https://sashabd.com/?m=107409054021840","Alternate page with proper canonical tag","2026-04-22","PARAMETER/ALTERNATE URL","out/index.html","200","https://sashabd.com/?m=107409054021840 [200]","0","https://sashabd.com/?m=107409054021840","200","true","index, follow | index, follow, max-video-preview:-1, max-image-preview:large, max-snippet:-1","","https://sashabd.com/","https://sashabd.com/","false","false","0","text/html","Sasha Corporation","Sasha Corporation - Smart technology solutions in Bangladesh","https://sashabd.com/","index, follow | index, follow, max-video-preview:-1, max-image-preview:large, max-snippet:-1","Sasha Corporation","Sasha Corporation - Smart technology solutions in Bangladesh","INTENTIONAL ALTERNATE","KEEP - VALID ALTERNATE CANONICAL; CURRENT SOURCE ALSO STRIPS THE m QUERY AFTER DEPLOYMENT","HIGH",""
"https://sashabd.com/?m=50707099011840","Alternate page with proper canonical tag","2026-04-22","PARAMETER/ALTERNATE URL","out/index.html","200","https://sashabd.com/?m=50707099011840 [200]","0","https://sashabd.com/?m=50707099011840","200","true","index, follow | index, follow, max-video-preview:-1, max-image-preview:large, max-snippet:-1","","https://sashabd.com/","https://sashabd.com/","false","false","0","text/html","Sasha Corporation","Sasha Corporation - Smart technology solutions in Bangladesh","https://sashabd.com/","index, follow | index, follow, max-video-preview:-1, max-image-preview:large, max-snippet:-1","Sasha Corporation","Sasha Corporation - Smart technology solutions in Bangladesh","INTENTIONAL ALTERNATE","KEEP - VALID ALTERNATE CANONICAL; CURRENT SOURCE ALSO STRIPS THE m QUERY AFTER DEPLOYMENT","HIGH",""
"https://sashabd.com/?m=53162700121840","Alternate page with proper canonical tag","2026-04-22","PARAMETER/ALTERNATE URL","out/index.html","200","https://sashabd.com/?m=53162700121840 [200]","0","https://sashabd.com/?m=53162700121840","200","true","index, follow | index, follow, max-video-preview:-1, max-image-preview:large, max-snippet:-1","","https://sashabd.com/","https://sashabd.com/","false","false","0","text/html","Sasha Corporation","Sasha Corporation - Smart technology solutions in Bangladesh","https://sashabd.com/","index, follow | index, follow, max-video-preview:-1, max-image-preview:large, max-snippet:-1","Sasha Corporation","Sasha Corporation - Smart technology solutions in Bangladesh","INTENTIONAL ALTERNATE","KEEP - VALID ALTERNATE CANONICAL; CURRENT SOURCE ALSO STRIPS THE m QUERY AFTER DEPLOYMENT","HIGH",""
"https://sashabd.com/?m=33964473041840","Alternate page with proper canonical tag","2026-04-22","PARAMETER/ALTERNATE URL","out/index.html","200","https://sashabd.com/?m=33964473041840 [200]","0","https://sashabd.com/?m=33964473041840","200","true","index, follow | index, follow, max-video-preview:-1, max-image-preview:large, max-snippet:-1","","https://sashabd.com/","https://sashabd.com/","false","false","0","text/html","Sasha Corporation","Sasha Corporation - Smart technology solutions in Bangladesh","https://sashabd.com/","index, follow | index, follow, max-video-preview:-1, max-image-preview:large, max-snippet:-1","Sasha Corporation","Sasha Corporation - Smart technology solutions in Bangladesh","INTENTIONAL ALTERNATE","KEEP - VALID ALTERNATE CANONICAL; CURRENT SOURCE ALSO STRIPS THE m QUERY AFTER DEPLOYMENT","HIGH",""
"https://sashabd.com/?m=12516958051840","Alternate page with proper canonical tag","2026-04-22","PARAMETER/ALTERNATE URL","out/index.html","200","https://sashabd.com/?m=12516958051840 [200]","0","https://sashabd.com/?m=12516958051840","200","true","index, follow | index, follow, max-video-preview:-1, max-image-preview:large, max-snippet:-1","","https://sashabd.com/","https://sashabd.com/","false","false","0","text/html","Sasha Corporation","Sasha Corporation - Smart technology solutions in Bangladesh","https://sashabd.com/","index, follow | index, follow, max-video-preview:-1, max-image-preview:large, max-snippet:-1","Sasha Corporation","Sasha Corporation - Smart technology solutions in Bangladesh","INTENTIONAL ALTERNATE","KEEP - VALID ALTERNATE CANONICAL; CURRENT SOURCE ALSO STRIPS THE m QUERY AFTER DEPLOYMENT","HIGH",""
"https://sashabd.com/?m=99763633041840","Alternate page with proper canonical tag","2026-04-22","PARAMETER/ALTERNATE URL","out/index.html","200","https://sashabd.com/?m=99763633041840 [200]","0","https://sashabd.com/?m=99763633041840","200","true","index, follow | index, follow, max-video-preview:-1, max-image-preview:large, max-snippet:-1","","https://sashabd.com/","https://sashabd.com/","false","false","0","text/html","Sasha Corporation","Sasha Corporation - Smart technology solutions in Bangladesh","https://sashabd.com/","index, follow | index, follow, max-video-preview:-1, max-image-preview:large, max-snippet:-1","Sasha Corporation","Sasha Corporation - Smart technology solutions in Bangladesh","INTENTIONAL ALTERNATE","KEEP - VALID ALTERNATE CANONICAL; CURRENT SOURCE ALSO STRIPS THE m QUERY AFTER DEPLOYMENT","HIGH",""
"https://sashabd.com/?m=59883143031840","Alternate page with proper canonical tag","2026-04-22","PARAMETER/ALTERNATE URL","out/index.html","200","https://sashabd.com/?m=59883143031840 [200]","0","https://sashabd.com/?m=59883143031840","200","true","index, follow | index, follow, max-video-preview:-1, max-image-preview:large, max-snippet:-1","","https://sashabd.com/","https://sashabd.com/","false","false","0","text/html","Sasha Corporation","Sasha Corporation - Smart technology solutions in Bangladesh","https://sashabd.com/","index, follow | index, follow, max-video-preview:-1, max-image-preview:large, max-snippet:-1","Sasha Corporation","Sasha Corporation - Smart technology solutions in Bangladesh","INTENTIONAL ALTERNATE","KEEP - VALID ALTERNATE CANONICAL; CURRENT SOURCE ALSO STRIPS THE m QUERY AFTER DEPLOYMENT","HIGH",""
"https://sashabd.com/?m=19037047041840","Alternate page with proper canonical tag","2026-04-22","PARAMETER/ALTERNATE URL","out/index.html","200","https://sashabd.com/?m=19037047041840 [200]","0","https://sashabd.com/?m=19037047041840","200","true","index, follow | index, follow, max-video-preview:-1, max-image-preview:large, max-snippet:-1","","https://sashabd.com/","https://sashabd.com/","false","false","0","text/html","Sasha Corporation","Sasha Corporation - Smart technology solutions in Bangladesh","https://sashabd.com/","index, follow | index, follow, max-video-preview:-1, max-image-preview:large, max-snippet:-1","Sasha Corporation","Sasha Corporation - Smart technology solutions in Bangladesh","INTENTIONAL ALTERNATE","KEEP - VALID ALTERNATE CANONICAL; CURRENT SOURCE ALSO STRIPS THE m QUERY AFTER DEPLOYMENT","HIGH",""
"https://sashabd.com/?m=65651695041840","Alternate page with proper canonical tag","2026-04-22","PARAMETER/ALTERNATE URL","out/index.html","200","https://sashabd.com/?m=65651695041840 [200]","0","https://sashabd.com/?m=65651695041840","200","true","index, follow | index, follow, max-video-preview:-1, max-image-preview:large, max-snippet:-1","","https://sashabd.com/","https://sashabd.com/","false","false","0","text/html","Sasha Corporation","Sasha Corporation - Smart technology solutions in Bangladesh","https://sashabd.com/","index, follow | index, follow, max-video-preview:-1, max-image-preview:large, max-snippet:-1","Sasha Corporation","Sasha Corporation - Smart technology solutions in Bangladesh","INTENTIONAL ALTERNATE","KEEP - VALID ALTERNATE CANONICAL; CURRENT SOURCE ALSO STRIPS THE m QUERY AFTER DEPLOYMENT","HIGH",""
"https://sashabd.com/?m=63285694011840","Alternate page with proper canonical tag","2026-04-22","PARAMETER/ALTERNATE URL","out/index.html","200","https://sashabd.com/?m=63285694011840 [200]","0","https://sashabd.com/?m=63285694011840","200","true","index, follow | index, follow, max-video-preview:-1, max-image-preview:large, max-snippet:-1","","https://sashabd.com/","https://sashabd.com/","false","false","0","text/html","Sasha Corporation","Sasha Corporation - Smart technology solutions in Bangladesh","https://sashabd.com/","index, follow | index, follow, max-video-preview:-1, max-image-preview:large, max-snippet:-1","Sasha Corporation","Sasha Corporation - Smart technology solutions in Bangladesh","INTENTIONAL ALTERNATE","KEEP - VALID ALTERNATE CANONICAL; CURRENT SOURCE ALSO STRIPS THE m QUERY AFTER DEPLOYMENT","HIGH",""
"https://sashabd.com/?m=79578254111840","Alternate page with proper canonical tag","2026-04-21","PARAMETER/ALTERNATE URL","out/index.html","200","https://sashabd.com/?m=79578254111840 [200]","0","https://sashabd.com/?m=79578254111840","200","true","index, follow | index, follow, max-video-preview:-1, max-image-preview:large, max-snippet:-1","","https://sashabd.com/","https://sashabd.com/","false","false","0","text/html","Sasha Corporation","Sasha Corporation - Smart technology solutions in Bangladesh","https://sashabd.com/","index, follow | index, follow, max-video-preview:-1, max-image-preview:large, max-snippet:-1","Sasha Corporation","Sasha Corporation - Smart technology solutions in Bangladesh","INTENTIONAL ALTERNATE","KEEP - VALID ALTERNATE CANONICAL; CURRENT SOURCE ALSO STRIPS THE m QUERY AFTER DEPLOYMENT","HIGH",""
"https://sashabd.com/?m=116614675031840","Alternate page with proper canonical tag","2026-04-21","PARAMETER/ALTERNATE URL","out/index.html","200","https://sashabd.com/?m=116614675031840 [200]","0","https://sashabd.com/?m=116614675031840","200","true","index, follow | index, follow, max-video-preview:-1, max-image-preview:large, max-snippet:-1","","https://sashabd.com/","https://sashabd.com/","false","false","0","text/html","Sasha Corporation","Sasha Corporation - Smart technology solutions in Bangladesh","https://sashabd.com/","index, follow | index, follow, max-video-preview:-1, max-image-preview:large, max-snippet:-1","Sasha Corporation","Sasha Corporation - Smart technology solutions in Bangladesh","INTENTIONAL ALTERNATE","KEEP - VALID ALTERNATE CANONICAL; CURRENT SOURCE ALSO STRIPS THE m QUERY AFTER DEPLOYMENT","HIGH",""
"https://sashabd.com/?m=97598172021840","Alternate page with proper canonical tag","2026-04-21","PARAMETER/ALTERNATE URL","out/index.html","200","https://sashabd.com/?m=97598172021840 [200]","0","https://sashabd.com/?m=97598172021840","200","true","index, follow | index, follow, max-video-preview:-1, max-image-preview:large, max-snippet:-1","","https://sashabd.com/","https://sashabd.com/","false","false","0","text/html","Sasha Corporation","Sasha Corporation - Smart technology solutions in Bangladesh","https://sashabd.com/","index, follow | index, follow, max-video-preview:-1, max-image-preview:large, max-snippet:-1","Sasha Corporation","Sasha Corporation - Smart technology solutions in Bangladesh","INTENTIONAL ALTERNATE","KEEP - VALID ALTERNATE CANONICAL; CURRENT SOURCE ALSO STRIPS THE m QUERY AFTER DEPLOYMENT","HIGH",""
"https://sashabd.com/led-display/accessories/power-supply/-2","Not found (404)","2026-08-05","LEGACY URL","NO GENERATED HTML ROUTE","301","https://sashabd.com/led-display/accessories/power-supply/-2 [301] -> https://sashabd.com/led-display/accessories/power-supply/-2/ | https://sashabd.com/led-display/accessories/power-supply/-2/ [404]","1","https://sashabd.com/led-display/accessories/power-supply/-2/","404","true","","","","","false","false","0","text/html","404 Not Found","404","","","","","INTENTIONAL REMOVAL","KEEP 404 - NO VERIFIED REPLACEMENT, SITEMAP ENTRY, GENERATED ROUTE, OR INTERNAL LINK","HIGH",""
"https://sashabd.com/about/-1","Not found (404)","2026-08-05","LEGACY URL","NO GENERATED HTML ROUTE","301","https://sashabd.com/about/-1 [301] -> https://sashabd.com/about/-1/ | https://sashabd.com/about/-1/ [404]","1","https://sashabd.com/about/-1/","404","true","","","","","false","false","0","text/html","404 Not Found","404","","","","","INTENTIONAL REMOVAL","KEEP 404 - NO VERIFIED REPLACEMENT, SITEMAP ENTRY, GENERATED ROUTE, OR INTERNAL LINK","HIGH",""
"https://sashabd.com/blog/led-display-accessories-brands-and-compatibility-notes/-6","Not found (404)","2026-08-05","LEGACY URL","NO GENERATED HTML ROUTE","301","https://sashabd.com/blog/led-display-accessories-brands-and-compatibility-notes/-6 [301] -> https://sashabd.com/blog/led-display-accessories-brands-and-compatibility-notes/-6/ | https://sashabd.com/blog/led-display-accessories-brands-and-compatibility-notes/-6/ [404]","1","https://sashabd.com/blog/led-display-accessories-brands-and-compatibility-notes/-6/","404","true","","","","","false","false","0","text/html","404 Not Found","404","","","","","INTENTIONAL REMOVAL","KEEP 404 - NO VERIFIED REPLACEMENT, SITEMAP ENTRY, GENERATED ROUTE, OR INTERNAL LINK","HIGH",""
"https://sashabd.com/blog/led-display-installation-guide/-5","Not found (404)","2026-08-03","LEGACY URL","NO GENERATED HTML ROUTE","301","https://sashabd.com/blog/led-display-installation-guide/-5 [301] -> https://sashabd.com/blog/led-display-installation-guide/-5/ | https://sashabd.com/blog/led-display-installation-guide/-5/ [404]","1","https://sashabd.com/blog/led-display-installation-guide/-5/","404","true","","","","","false","false","0","text/html","404 Not Found","404","","","","","INTENTIONAL REMOVAL","KEEP 404 - NO VERIFIED REPLACEMENT, SITEMAP ENTRY, GENERATED ROUTE, OR INTERNAL LINK","HIGH",""
"https://sashabd.com/led-display/indoor-led/p1-35-indoor-led-display/","Not found (404)","2026-07-29","LEGACY URL","NO GENERATED HTML ROUTE","404","https://sashabd.com/led-display/indoor-led/p1-35-indoor-led-display/ [404]","0","https://sashabd.com/led-display/indoor-led/p1-35-indoor-led-display/","404","true","","","","","false","false","0","text/html","404 Not Found","404","","","","","INTENTIONAL REMOVAL","KEEP 404 - NO VERIFIED REPLACEMENT, SITEMAP ENTRY, GENERATED ROUTE, OR INTERNAL LINK","HIGH",""
"https://sashabd.com/control-systems/pa-system-4","Not found (404)","2026-07-25","LEGACY URL","NO GENERATED HTML ROUTE","301","https://sashabd.com/control-systems/pa-system-4 [301] -> https://sashabd.com/control-systems/pa-system-4/ | https://sashabd.com/control-systems/pa-system-4/ [404]","1","https://sashabd.com/control-systems/pa-system-4/","404","true","","","","","false","false","0","text/html","404 Not Found","404","","","","","INTENTIONAL REMOVAL","KEEP 404 - NO VERIFIED REPLACEMENT, SITEMAP ENTRY, GENERATED ROUTE, OR INTERNAL LINK","HIGH",""
"https://sashabd.com/led-display/indoor-led/p1-77-indoor-led-display/","Not found (404)","2026-07-25","LEGACY URL","NO GENERATED HTML ROUTE","404","https://sashabd.com/led-display/indoor-led/p1-77-indoor-led-display/ [404]","0","https://sashabd.com/led-display/indoor-led/p1-77-indoor-led-display/","404","true","","","","","false","false","0","text/html","404 Not Found","404","","","","","INTENTIONAL REMOVAL","KEEP 404 - NO VERIFIED REPLACEMENT, SITEMAP ENTRY, GENERATED ROUTE, OR INTERNAL LINK","HIGH",""
"https://sashabd.com/led-display/price-guide-bangladesh/-0","Not found (404)","2026-07-23","LEGACY URL","NO GENERATED HTML ROUTE","301","https://sashabd.com/led-display/price-guide-bangladesh/-0 [301] -> https://sashabd.com/led-display/price-guide-bangladesh/-0/ | https://sashabd.com/led-display/price-guide-bangladesh/-0/ [404]","1","https://sashabd.com/led-display/price-guide-bangladesh/-0/","404","true","","","","","false","false","0","text/html","404 Not Found","404","","","","","INTENTIONAL REMOVAL","KEEP 404 - NO VERIFIED REPLACEMENT, SITEMAP ENTRY, GENERATED ROUTE, OR INTERNAL LINK","HIGH",""
"https://sashabd.com/led-display/price-guide/-0","Not found (404)","2026-07-23","LEGACY URL","NO GENERATED HTML ROUTE","301","https://sashabd.com/led-display/price-guide/-0 [301] -> https://sashabd.com/led-display/price-guide/-0/ | https://sashabd.com/led-display/price-guide/-0/ [404]","1","https://sashabd.com/led-display/price-guide/-0/","404","true","","","","","false","false","0","text/html","404 Not Found","404","","","","","INTENTIONAL REMOVAL","KEEP 404 - NO VERIFIED REPLACEMENT, SITEMAP ENTRY, GENERATED ROUTE, OR INTERNAL LINK","HIGH",""
"https://sashabd.com/led-display/accessories/receiving-card/-0","Not found (404)","2026-07-15","LEGACY URL","NO GENERATED HTML ROUTE","301","https://sashabd.com/led-display/accessories/receiving-card/-0 [301] -> https://sashabd.com/led-display/accessories/receiving-card/-0/ | https://sashabd.com/led-display/accessories/receiving-card/-0/ [404]","1","https://sashabd.com/led-display/accessories/receiving-card/-0/","404","true","","","","","false","false","0","text/html","404 Not Found","404","","","","","INTENTIONAL REMOVAL","KEEP 404 - NO VERIFIED REPLACEMENT, SITEMAP ENTRY, GENERATED ROUTE, OR INTERNAL LINK","HIGH",""
"https://sashabd.com/led-display/-0","Not found (404)","2026-07-05","LEGACY URL","NO GENERATED HTML ROUTE","301","https://sashabd.com/led-display/-0 [301] -> https://sashabd.com/led-display/-0/ | https://sashabd.com/led-display/-0/ [404]","1","https://sashabd.com/led-display/-0/","404","true","","","","","false","false","0","text/html","404 Not Found","404","","","","","INTENTIONAL REMOVAL","KEEP 404 - NO VERIFIED REPLACEMENT, SITEMAP ENTRY, GENERATED ROUTE, OR INTERNAL LINK","HIGH",""
"https://sashabd.com/control-systems/digital-podium-6","Not found (404)","2026-07-05","LEGACY URL","NO GENERATED HTML ROUTE","301","https://sashabd.com/control-systems/digital-podium-6 [301] -> https://sashabd.com/control-systems/digital-podium-6/ | https://sashabd.com/control-systems/digital-podium-6/ [404]","1","https://sashabd.com/control-systems/digital-podium-6/","404","true","","","","","false","false","0","text/html","404 Not Found","404","","","","","INTENTIONAL REMOVAL","KEEP 404 - NO VERIFIED REPLACEMENT, SITEMAP ENTRY, GENERATED ROUTE, OR INTERNAL LINK","HIGH",""
"https://sashabd.com/led-display/indoor-led/p1-77-indoor-led-display","Not found (404)","2026-07-05","LEGACY URL","NO GENERATED HTML ROUTE","301","https://sashabd.com/led-display/indoor-led/p1-77-indoor-led-display [301] -> https://sashabd.com/led-display/indoor-led/p1-77-indoor-led-display/ | https://sashabd.com/led-display/indoor-led/p1-77-indoor-led-display/ [404]","1","https://sashabd.com/led-display/indoor-led/p1-77-indoor-led-display/","404","true","","","","","false","false","0","text/html","404 Not Found","404","","","","","INTENTIONAL REMOVAL","KEEP 404 - NO VERIFIED REPLACEMENT, SITEMAP ENTRY, GENERATED ROUTE, OR INTERNAL LINK","HIGH",""
"https://sashabd.com/contact/-4","Not found (404)","2026-07-04","LEGACY URL","NO GENERATED HTML ROUTE","301","https://sashabd.com/contact/-4 [301] -> https://sashabd.com/contact/-4/ | https://sashabd.com/contact/-4/ [404]","1","https://sashabd.com/contact/-4/","404","true","","","","","false","false","0","text/html","404 Not Found","404","","","","","INTENTIONAL REMOVAL","KEEP 404 - NO VERIFIED REPLACEMENT, SITEMAP ENTRY, GENERATED ROUTE, OR INTERNAL LINK","HIGH",""
"https://sashabd.com/services-support/-2","Not found (404)","2026-07-02","LEGACY URL","NO GENERATED HTML ROUTE","301","https://sashabd.com/services-support/-2 [301] -> https://sashabd.com/services-support/-2/ | https://sashabd.com/services-support/-2/ [404]","1","https://sashabd.com/services-support/-2/","404","true","","","","","false","false","0","text/html","404 Not Found","404","","","","","INTENTIONAL REMOVAL","KEEP 404 - NO VERIFIED REPLACEMENT, SITEMAP ENTRY, GENERATED ROUTE, OR INTERNAL LINK","HIGH",""
"https://sashabd.com/led-display/rent-guide/-3","Not found (404)","2026-06-25","LEGACY URL","NO GENERATED HTML ROUTE","301","https://sashabd.com/led-display/rent-guide/-3 [301] -> https://sashabd.com/led-display/rent-guide/-3/ | https://sashabd.com/led-display/rent-guide/-3/ [404]","1","https://sashabd.com/led-display/rent-guide/-3/","404","true","","","","","false","false","0","text/html","404 Not Found","404","","","","","INTENTIONAL REMOVAL","KEEP 404 - NO VERIFIED REPLACEMENT, SITEMAP ENTRY, GENERATED ROUTE, OR INTERNAL LINK","HIGH",""
"https://sashabd.com/led-display/billboard-led-display-1","Not found (404)","2026-06-21","LEGACY URL","NO GENERATED HTML ROUTE","301","https://sashabd.com/led-display/billboard-led-display-1 [301] -> https://sashabd.com/led-display/billboard-led-display-1/ | https://sashabd.com/led-display/billboard-led-display-1/ [404]","1","https://sashabd.com/led-display/billboard-led-display-1/","404","true","","","","","false","false","0","text/html","404 Not Found","404","","","","","INTENTIONAL REMOVAL","KEEP 404 - NO VERIFIED REPLACEMENT, SITEMAP ENTRY, GENERATED ROUTE, OR INTERNAL LINK","HIGH",""
"https://sashabd.com/control-systems/turnstile-gate-system-6","Not found (404)","2026-06-20","LEGACY URL","NO GENERATED HTML ROUTE","301","https://sashabd.com/control-systems/turnstile-gate-system-6 [301] -> https://sashabd.com/control-systems/turnstile-gate-system-6/ | https://sashabd.com/control-systems/turnstile-gate-system-6/ [404]","1","https://sashabd.com/control-systems/turnstile-gate-system-6/","404","true","","","","","false","false","0","text/html","404 Not Found","404","","","","","INTENTIONAL REMOVAL","KEEP 404 - NO VERIFIED REPLACEMENT, SITEMAP ENTRY, GENERATED ROUTE, OR INTERNAL LINK","HIGH",""
"https://sashabd.com/led-display/waterproof-outdoor-led-display-2","Not found (404)","2026-06-11","LEGACY URL","NO GENERATED HTML ROUTE","301","https://sashabd.com/led-display/waterproof-outdoor-led-display-2 [301] -> https://sashabd.com/led-display/waterproof-outdoor-led-display-2/ | https://sashabd.com/led-display/waterproof-outdoor-led-display-2/ [404]","1","https://sashabd.com/led-display/waterproof-outdoor-led-display-2/","404","true","","","","","false","false","0","text/html","404 Not Found","404","","","","","INTENTIONAL REMOVAL","KEEP 404 - NO VERIFIED REPLACEMENT, SITEMAP ENTRY, GENERATED ROUTE, OR INTERNAL LINK","HIGH",""
"https://sashabd.com/led-display/indoor-led-video-wall-guide/-4","Not found (404)","2026-06-01","LEGACY URL","NO GENERATED HTML ROUTE","301","https://sashabd.com/led-display/indoor-led-video-wall-guide/-4 [301] -> https://sashabd.com/led-display/indoor-led-video-wall-guide/-4/ | https://sashabd.com/led-display/indoor-led-video-wall-guide/-4/ [404]","1","https://sashabd.com/led-display/indoor-led-video-wall-guide/-4/","404","true","","","","","false","false","0","text/html","404 Not Found","404","","","","","INTENTIONAL REMOVAL","KEEP 404 - NO VERIFIED REPLACEMENT, SITEMAP ENTRY, GENERATED ROUTE, OR INTERNAL LINK","HIGH",""
"https://sashabd.com/led-display/accessories/controller/-1","Not found (404)","2026-05-31","LEGACY URL","NO GENERATED HTML ROUTE","301","https://sashabd.com/led-display/accessories/controller/-1 [301] -> https://sashabd.com/led-display/accessories/controller/-1/ | https://sashabd.com/led-display/accessories/controller/-1/ [404]","1","https://sashabd.com/led-display/accessories/controller/-1/","404","true","","","","","false","false","0","text/html","404 Not Found","404","","","","","INTENTIONAL REMOVAL","KEEP 404 - NO VERIFIED REPLACEMENT, SITEMAP ENTRY, GENERATED ROUTE, OR INTERNAL LINK","HIGH",""
"https://sashabd.com/control-systems/digital-podium-7","Not found (404)","2026-05-24","LEGACY URL","NO GENERATED HTML ROUTE","301","https://sashabd.com/control-systems/digital-podium-7 [301] -> https://sashabd.com/control-systems/digital-podium-7/ | https://sashabd.com/control-systems/digital-podium-7/ [404]","1","https://sashabd.com/control-systems/digital-podium-7/","404","true","","","","","false","false","0","text/html","404 Not Found","404","","","","","INTENTIONAL REMOVAL","KEEP 404 - NO VERIFIED REPLACEMENT, SITEMAP ENTRY, GENERATED ROUTE, OR INTERNAL LINK","HIGH",""
"https://sashabd.com/led-display/rental-display/-2","Not found (404)","2026-05-22","LEGACY URL","NO GENERATED HTML ROUTE","301","https://sashabd.com/led-display/rental-display/-2 [301] -> https://sashabd.com/led-display/rental-display/-2/ | https://sashabd.com/led-display/rental-display/-2/ [404]","1","https://sashabd.com/led-display/rental-display/-2/","404","true","","","","","false","false","0","text/html","404 Not Found","404","","","","","INTENTIONAL REMOVAL","KEEP 404 - NO VERIFIED REPLACEMENT, SITEMAP ENTRY, GENERATED ROUTE, OR INTERNAL LINK","HIGH",""
"https://sashabd.com/control-systems/-4","Not found (404)","2026-05-18","LEGACY URL","NO GENERATED HTML ROUTE","301","https://sashabd.com/control-systems/-4 [301] -> https://sashabd.com/control-systems/-4/ | https://sashabd.com/control-systems/-4/ [404]","1","https://sashabd.com/control-systems/-4/","404","true","","","","","false","false","0","text/html","404 Not Found","404","","","","","INTENTIONAL REMOVAL","KEEP 404 - NO VERIFIED REPLACEMENT, SITEMAP ENTRY, GENERATED ROUTE, OR INTERNAL LINK","HIGH",""
"https://sashabd.com/led-display/indoor-led-video-wall-bangladesh/-4","Not found (404)","2026-05-08","LEGACY URL","NO GENERATED HTML ROUTE","301","https://sashabd.com/led-display/indoor-led-video-wall-bangladesh/-4 [301] -> https://sashabd.com/led-display/indoor-led-video-wall-bangladesh/-4/ | https://sashabd.com/led-display/indoor-led-video-wall-bangladesh/-4/ [404]","1","https://sashabd.com/led-display/indoor-led-video-wall-bangladesh/-4/","404","true","","","","","false","false","0","text/html","404 Not Found","404","","","","","INTENTIONAL REMOVAL","KEEP 404 - NO VERIFIED REPLACEMENT, SITEMAP ENTRY, GENERATED ROUTE, OR INTERNAL LINK","HIGH",""
"https://sashabd.com/control-systems/pa-system-5","Not found (404)","2026-05-03","LEGACY URL","NO GENERATED HTML ROUTE","301","https://sashabd.com/control-systems/pa-system-5 [301] -> https://sashabd.com/control-systems/pa-system-5/ | https://sashabd.com/control-systems/pa-system-5/ [404]","1","https://sashabd.com/control-systems/pa-system-5/","404","true","","","","","false","false","0","text/html","404 Not Found","404","","","","","INTENTIONAL REMOVAL","KEEP 404 - NO VERIFIED REPLACEMENT, SITEMAP ENTRY, GENERATED ROUTE, OR INTERNAL LINK","HIGH",""
"https://sashabd.com/_next/static/media/6ea8d1bb8ea4af7a-s.p.524499be.woff2","Crawled - currently not indexed","2026-08-05","STATIC ASSET","NO GENERATED HTML ROUTE","200","https://sashabd.com/_next/static/media/6ea8d1bb8ea4af7a-s.p.524499be.woff2 [200]","0","https://sashabd.com/_next/static/media/6ea8d1bb8ea4af7a-s.p.524499be.woff2","200","true","","","","","false","false","174","font/woff2","","","","","","","SYSTEM/RESOURCE URL","NO PAGE-INDEXING ACTION REQUIRED","HIGH",""
"https://sashabd.com/led-display/accessories/controller/huidu-hd-a5l/","Crawled - currently not indexed","2026-07-27","HTML PAGE","out/led-display/accessories/controller/huidu-hd-a5l/index.html","200","https://sashabd.com/led-display/accessories/controller/huidu-hd-a5l/ [200]","0","https://sashabd.com/led-display/accessories/controller/huidu-hd-a5l/","200","true","index, follow","","https://sashabd.com/led-display/accessories/controller/huidu-hd-a5l/","https://sashabd.com/led-display/accessories/controller/huidu-hd-a5l/","true","true","19","text/html","Huidu HD A5L LED Controller","Huidu HD A5L LED Controller","https://sashabd.com/led-display/accessories/controller/huidu-hd-a5l/","index, follow","Huidu HD A5L LED Controller","Huidu HD A5L LED Controller","YES","KEEP INDEXABLE - CURRENT TECHNICAL, CONTENT-DEPTH, SITEMAP, AND INTERNAL-LINK SIGNALS PASS; REQUEST RECRAWL AFTER DEPLOYMENT","HIGH",""
"https://sashabd.com/blog/led-display-installation-guide/","Crawled - currently not indexed","2026-07-26","HTML PAGE","out/blog/led-display-installation-guide/index.html","200","https://sashabd.com/blog/led-display-installation-guide/ [200]","0","https://sashabd.com/blog/led-display-installation-guide/","200","true","index, follow | index, follow, max-video-preview:-1, max-image-preview:large, max-snippet:-1","","https://sashabd.com/blog/led-display-installation-guide/","https://sashabd.com/blog/led-display-installation-guide/","true","true","3","text/html","LED Display Installation Guide","LED Display Installation Guide","https://sashabd.com/blog/led-display-installation-guide/","index, follow | index, follow, max-video-preview:-1, max-image-preview:large, max-snippet:-1","LED Display Installation Guide","LED Display Installation Guide","YES","KEEP INDEXABLE - CURRENT TECHNICAL, CONTENT-DEPTH, SITEMAP, AND INTERNAL-LINK SIGNALS PASS; REQUEST RECRAWL AFTER DEPLOYMENT","HIGH",""
"https://sashabd.com/favicon.ico","Crawled - currently not indexed","2026-07-23","STATIC ASSET","NO GENERATED HTML ROUTE","200","https://sashabd.com/favicon.ico [200]","0","https://sashabd.com/favicon.ico","200","true","","","","","false","false","0","image/x-icon","","","","","","","SYSTEM/RESOURCE URL","NO PAGE-INDEXING ACTION REQUIRED","HIGH",""
"https://sashabd.com/led-display/accessories/power-supply/g-energy-5v-40a-200w/","Crawled - currently not indexed","2026-07-22","HTML PAGE","out/led-display/accessories/power-supply/g-energy-5v-40a-200w/index.html","200","https://sashabd.com/led-display/accessories/power-supply/g-energy-5v-40a-200w/ [200]","0","https://sashabd.com/led-display/accessories/power-supply/g-energy-5v-40a-200w/","200","true","index, follow","","https://sashabd.com/led-display/accessories/power-supply/g-energy-5v-40a-200w/","https://sashabd.com/led-display/accessories/power-supply/g-energy-5v-40a-200w/","true","true","19","text/html","G-Energy 5V 40A LED Power Supply","G-Energy 5V 40A LED Display Power Supply","https://sashabd.com/led-display/accessories/power-supply/g-energy-5v-40a-200w/","index, follow","G-Energy 5V 40A LED Power Supply","G-Energy 5V 40A LED Display Power Supply","YES","KEEP INDEXABLE - CURRENT TECHNICAL, CONTENT-DEPTH, SITEMAP, AND INTERNAL-LINK SIGNALS PASS; REQUEST RECRAWL AFTER DEPLOYMENT","HIGH",""
"https://sashabd.com/control-systems/pa-system/wireless-conference-microphone-system/","Crawled - currently not indexed","2026-07-21","LEGACY URL","out/control-systems/pa-system/wireless-conference-microphone-system/index.html","301","https://sashabd.com/control-systems/pa-system/wireless-conference-microphone-system/ [301] -> https://sashabd.com/pa-system/wireless-conference-microphone-system/ | https://sashabd.com/pa-system/wireless-conference-microphone-system/ [200]","1","https://sashabd.com/pa-system/wireless-conference-microphone-system/","200","true","index, follow","","https://sashabd.com/pa-system/wireless-conference-microphone-system/","https://sashabd.com/pa-system/wireless-conference-microphone-system/","false","false","0","text/html","Wireless Conference Microphone System","Wireless Conference Microphone System","https://sashabd.com/pa-system/wireless-conference-microphone-system/","noindex, follow","Sasha Corporation","","INTENTIONAL REDIRECT","KEEP - VALID INTENTIONAL REDIRECT","HIGH",""
"https://sashabd.com/blog/led-display-pixel-pitch-explained","Crawled - currently not indexed","2026-07-06","LEGACY URL","out/blog/led-display-pixel-pitch-explained/index.html","301","https://sashabd.com/blog/led-display-pixel-pitch-explained [301] -> https://sashabd.com/blog/led-display-pixel-pitch-explained/ | https://sashabd.com/blog/led-display-pixel-pitch-explained/ [200]","1","https://sashabd.com/blog/led-display-pixel-pitch-explained/","200","true","index, follow | index, follow, max-video-preview:-1, max-image-preview:large, max-snippet:-1","","https://sashabd.com/blog/led-display-pixel-pitch-explained/","https://sashabd.com/blog/led-display-pixel-pitch-explained/","false","false","0","text/html","LED Display Pixel Pitch Explained","LED Display Pixel Pitch Explained","https://sashabd.com/blog/led-display-pixel-pitch-explained/","index, follow | index, follow, max-video-preview:-1, max-image-preview:large, max-snippet:-1","LED Display Pixel Pitch Explained","LED Display Pixel Pitch Explained","INTENTIONAL REDIRECT","KEEP - VALID INTENTIONAL REDIRECT","HIGH",""
"https://sashabd.com/led-display/accessories/controller/huidu-vp410/","Crawled - currently not indexed","2026-07-06","HTML PAGE","out/led-display/accessories/controller/huidu-vp410/index.html","200","https://sashabd.com/led-display/accessories/controller/huidu-vp410/ [200]","0","https://sashabd.com/led-display/accessories/controller/huidu-vp410/","200","true","index, follow","","https://sashabd.com/led-display/accessories/controller/huidu-vp410/","https://sashabd.com/led-display/accessories/controller/huidu-vp410/","true","true","23","text/html","Huidu HD VP-410 Video Processor","Huidu HD VP-410 LED Video Processor","https://sashabd.com/led-display/accessories/controller/huidu-vp410/","index, follow","Huidu HD VP-410 Video Processor","Huidu HD VP-410 LED Video Processor","YES","KEEP INDEXABLE - CURRENT TECHNICAL, CONTENT-DEPTH, SITEMAP, AND INTERNAL-LINK SIGNALS PASS; REQUEST RECRAWL AFTER DEPLOYMENT","HIGH",""
"https://sashabd.com/blog/led-display-price-in-bangladesh-complete-buying-guide","Crawled - currently not indexed","2026-07-03","LEGACY URL","out/blog/led-display-price-in-bangladesh-complete-buying-guide/index.html","301","https://sashabd.com/blog/led-display-price-in-bangladesh-complete-buying-guide [301] -> https://sashabd.com/blog/led-display-price-in-bangladesh-complete-buying-guide/ | https://sashabd.com/blog/led-display-price-in-bangladesh-complete-buying-guide/ [200]","1","https://sashabd.com/blog/led-display-price-in-bangladesh-complete-buying-guide/","200","true","index, follow | index, follow, max-video-preview:-1, max-image-preview:large, max-snippet:-1","","https://sashabd.com/blog/led-display-price-in-bangladesh-complete-buying-guide/","https://sashabd.com/blog/led-display-price-in-bangladesh-complete-buying-guide/","false","false","0","text/html","LED Display Price in Bangladesh - Complete Buying Guide","LED Display Price in Bangladesh - Complete Buying Guide","https://sashabd.com/blog/led-display-price-in-bangladesh-complete-buying-guide/","index, follow | index, follow, max-video-preview:-1, max-image-preview:large, max-snippet:-1","LED Display Buying Guide in Bangladesh - Price Factors &amp;...","LED Display Buying Guide in Bangladesh - Price Factors &amp; Planning","INTENTIONAL REDIRECT","KEEP - VALID INTENTIONAL REDIRECT","HIGH",""
"https://sashabd.com/blog/led-display-price-in-bangladesh-complete-buying-guide/","Crawled - currently not indexed","2026-07-03","HTML PAGE","out/blog/led-display-price-in-bangladesh-complete-buying-guide/index.html","200","https://sashabd.com/blog/led-display-price-in-bangladesh-complete-buying-guide/ [200]","0","https://sashabd.com/blog/led-display-price-in-bangladesh-complete-buying-guide/","200","true","index, follow | index, follow, max-video-preview:-1, max-image-preview:large, max-snippet:-1","","https://sashabd.com/blog/led-display-price-in-bangladesh-complete-buying-guide/","https://sashabd.com/blog/led-display-price-in-bangladesh-complete-buying-guide/","true","true","9","text/html","LED Display Price in Bangladesh - Complete Buying Guide","LED Display Price in Bangladesh - Complete Buying Guide","https://sashabd.com/blog/led-display-price-in-bangladesh-complete-buying-guide/","index, follow | index, follow, max-video-preview:-1, max-image-preview:large, max-snippet:-1","LED Display Buying Guide in Bangladesh - Price Factors &amp;...","LED Display Buying Guide in Bangladesh - Price Factors &amp; Planning","YES","KEEP INDEXABLE - CURRENT TECHNICAL, CONTENT-DEPTH, SITEMAP, AND INTERNAL-LINK SIGNALS PASS; REQUEST RECRAWL AFTER DEPLOYMENT","HIGH",""
"https://sashabd.com/led-display/rental-display/p4-81-rental-led-display/","Crawled - currently not indexed","2026-07-03","HTML PAGE","out/led-display/rental-display/p4-81-rental-led-display/index.html","200","https://sashabd.com/led-display/rental-display/p4-81-rental-led-display/ [200]","0","https://sashabd.com/led-display/rental-display/p4-81-rental-led-display/","200","true","index, follow","","https://sashabd.com/led-display/rental-display/p4-81-rental-led-display/","https://sashabd.com/led-display/rental-display/p4-81-rental-led-display/","true","true","22","text/html","P4.81 Rental LED Screen","P4.81 Rental LED Display","https://sashabd.com/led-display/rental-display/p4-81-rental-led-display/","index, follow","P4.81 Rental LED Screen","P4.81 Rental LED Display","YES","KEEP INDEXABLE - CURRENT TECHNICAL, CONTENT-DEPTH, SITEMAP, AND INTERNAL-LINK SIGNALS PASS; REQUEST RECRAWL AFTER DEPLOYMENT","HIGH",""
"https://sashabd.com/control-systems/pa-system/ip-network-audio-paging-system/","Crawled - currently not indexed","2026-06-29","LEGACY URL","out/control-systems/pa-system/ip-network-audio-paging-system/index.html","301","https://sashabd.com/control-systems/pa-system/ip-network-audio-paging-system/ [301] -> https://sashabd.com/pa-system/ip-network-audio-paging-system/ | https://sashabd.com/pa-system/ip-network-audio-paging-system/ [200]","1","https://sashabd.com/pa-system/ip-network-audio-paging-system/","200","true","index, follow","","https://sashabd.com/pa-system/ip-network-audio-paging-system/","https://sashabd.com/pa-system/ip-network-audio-paging-system/","false","false","0","text/html","IP Network Audio &amp; Paging System","IP Network Audio &amp; Paging System","https://sashabd.com/pa-system/ip-network-audio-paging-system/","noindex, follow","Sasha Corporation","","INTENTIONAL REDIRECT","KEEP - VALID INTENTIONAL REDIRECT","HIGH",""
"https://sashabd.com/led-display/outdoor/p6-67-outdoor-led-display-module-320x160mm/","Crawled - currently not indexed","2026-06-28","HTML PAGE","out/led-display/outdoor/p6-67-outdoor-led-display-module-320x160mm/index.html","200","https://sashabd.com/led-display/outdoor/p6-67-outdoor-led-display-module-320x160mm/ [200]","0","https://sashabd.com/led-display/outdoor/p6-67-outdoor-led-display-module-320x160mm/","200","true","index, follow","","https://sashabd.com/led-display/outdoor/p6-67-outdoor-led-display-module-320x160mm/","https://sashabd.com/led-display/outdoor/p6-67-outdoor-led-display-module-320x160mm/","true","true","29","text/html","P6.67 Outdoor LED Module","P6.67 Outdoor LED Display Module","https://sashabd.com/led-display/outdoor/p6-67-outdoor-led-display-module-320x160mm/","index, follow","P6.67 Outdoor LED Module","P6.67 Outdoor LED Display Module","YES","KEEP INDEXABLE - CURRENT TECHNICAL, CONTENT-DEPTH, SITEMAP, AND INTERNAL-LINK SIGNALS PASS; REQUEST RECRAWL AFTER DEPLOYMENT","HIGH",""
"https://sashabd.com/led-display/outdoor/p6-outdoor-led-display/","Crawled - currently not indexed","2026-06-22","HTML PAGE","out/led-display/outdoor/p6-outdoor-led-display/index.html","200","https://sashabd.com/led-display/outdoor/p6-outdoor-led-display/ [200]","0","https://sashabd.com/led-display/outdoor/p6-outdoor-led-display/","200","true","index, follow","","https://sashabd.com/led-display/outdoor/p6-outdoor-led-display/","https://sashabd.com/led-display/outdoor/p6-outdoor-led-display/","true","true","29","text/html","P6 Outdoor LED Module","P6 Outdoor LED Display Module","https://sashabd.com/led-display/outdoor/p6-outdoor-led-display/","index, follow","P6 Outdoor LED Module","P6 Outdoor LED Display Module","YES","KEEP INDEXABLE - CURRENT TECHNICAL, CONTENT-DEPTH, SITEMAP, AND INTERNAL-LINK SIGNALS PASS; REQUEST RECRAWL AFTER DEPLOYMENT","HIGH",""
"https://sashabd.com/led-display/outdoor/p3-076-outdoor-led-display-module/","Crawled - currently not indexed","2026-06-21","HTML PAGE","out/led-display/outdoor/p3-076-outdoor-led-display-module/index.html","200","https://sashabd.com/led-display/outdoor/p3-076-outdoor-led-display-module/ [200]","0","https://sashabd.com/led-display/outdoor/p3-076-outdoor-led-display-module/","200","true","index, follow","","https://sashabd.com/led-display/outdoor/p3-076-outdoor-led-display-module/","https://sashabd.com/led-display/outdoor/p3-076-outdoor-led-display-module/","true","true","21","text/html","P3.076 Outdoor LED Module","P3.076 Outdoor LED Display Module","https://sashabd.com/led-display/outdoor/p3-076-outdoor-led-display-module/","index, follow","P3.076 Outdoor LED Module","P3.076 Outdoor LED Display Module","YES","KEEP INDEXABLE - CURRENT TECHNICAL, CONTENT-DEPTH, SITEMAP, AND INTERNAL-LINK SIGNALS PASS; REQUEST RECRAWL AFTER DEPLOYMENT","HIGH",""
"https://sashabd.com/control-systems/interactive-flat-panel/lg-createboard-86in-4k-collaboration-display/","Crawled - currently not indexed","2026-06-20","LEGACY URL","out/control-systems/interactive-flat-panel/lg-createboard-86in-4k-collaboration-display/index.html","301","https://sashabd.com/control-systems/interactive-flat-panel/lg-createboard-86in-4k-collaboration-display/ [301] -> https://sashabd.com/interactive-flat-panel/lg-createboard-86in-4k-collaboration-display/ | https://sashabd.com/interactive-flat-panel/lg-createboard-86in-4k-collaboration-display/ [200]","1","https://sashabd.com/interactive-flat-panel/lg-createboard-86in-4k-collaboration-display/","200","true","index, follow","","https://sashabd.com/interactive-flat-panel/lg-createboard-86in-4k-collaboration-display/","https://sashabd.com/interactive-flat-panel/lg-createboard-86in-4k-collaboration-display/","false","false","0","text/html","LG 86-inch Interactive Flat Panel – CreateBoard TR3DK Series","LG 86-inch Interactive Flat Panel – CreateBoard TR3DK Series","https://sashabd.com/interactive-flat-panel/lg-createboard-86in-4k-collaboration-display/","noindex, follow","Sasha Corporation","","INTENTIONAL REDIRECT","KEEP - VALID INTENTIONAL REDIRECT","HIGH",""
"https://sashabd.com/control-systems/digital-podium/oem-digital-podium-multimedia-lectern/","Crawled - currently not indexed","2026-06-13","LEGACY URL","out/control-systems/digital-podium/oem-digital-podium-multimedia-lectern/index.html","301","https://sashabd.com/control-systems/digital-podium/oem-digital-podium-multimedia-lectern/ [301] -> https://sashabd.com/digital-podium/oem-digital-podium-multimedia-lectern/ | https://sashabd.com/digital-podium/oem-digital-podium-multimedia-lectern/ [200]","1","https://sashabd.com/digital-podium/oem-digital-podium-multimedia-lectern/","200","true","index, follow","","https://sashabd.com/digital-podium/oem-digital-podium-multimedia-lectern/","https://sashabd.com/digital-podium/oem-digital-podium-multimedia-lectern/","false","false","0","text/html","OEM Digital Podium – Multimedia Lectern","OEM Digital Podium – Multimedia Lectern","https://sashabd.com/digital-podium/oem-digital-podium-multimedia-lectern/","noindex, follow","Sasha Corporation","","INTENTIONAL REDIRECT","KEEP - VALID INTENTIONAL REDIRECT","HIGH",""
"https://sashabd.com/control-systems","Crawled - currently not indexed","2026-06-06","LEGACY URL","out/control-systems/index.html","301","https://sashabd.com/control-systems [301] -> https://sashabd.com/control-systems/ | https://sashabd.com/control-systems/ [301] -> https://sashabd.com/pa-system/ | https://sashabd.com/pa-system/ [200]","2","https://sashabd.com/pa-system/","200","true","index, follow | index, follow, max-video-preview:-1, max-image-preview:large, max-snippet:-1","","https://sashabd.com/pa-system/","https://sashabd.com/pa-system/","false","false","0","text/html","PA System Price in Bangladesh 2026","PA System Price in Bangladesh 2026","https://sashabd.com/pa-system/","noindex, follow","Sasha Corporation","","INTENTIONAL REDIRECT","DEPLOY CURRENT SOURCE; DIRECT LEGACY REDIRECT ALREADY PRECEDES SLASH NORMALIZATION","HIGH",""
"https://sashabd.com/control-systems/pa-system/multi-zone-mixer-amplifier-with-paging/","Crawled - currently not indexed","2026-06-05","LEGACY URL","out/control-systems/pa-system/multi-zone-mixer-amplifier-with-paging/index.html","301","https://sashabd.com/control-systems/pa-system/multi-zone-mixer-amplifier-with-paging/ [301] -> https://sashabd.com/pa-system/multi-zone-mixer-amplifier-with-paging/ | https://sashabd.com/pa-system/multi-zone-mixer-amplifier-with-paging/ [200]","1","https://sashabd.com/pa-system/multi-zone-mixer-amplifier-with-paging/","200","true","index, follow","","https://sashabd.com/pa-system/multi-zone-mixer-amplifier-with-paging/","https://sashabd.com/pa-system/multi-zone-mixer-amplifier-with-paging/","false","false","0","text/html","Multi-Zone Mixer Amplifier with Paging","Multi-Zone Mixer Amplifier with Paging","https://sashabd.com/pa-system/multi-zone-mixer-amplifier-with-paging/","noindex, follow","Sasha Corporation","","INTENTIONAL REDIRECT","KEEP - VALID INTENTIONAL REDIRECT","HIGH",""
"https://sashabd.com/control-systems/interactive-flat-panel/lg-createboard-75in-4k-smart-classroom/","Crawled - currently not indexed","2026-06-03","LEGACY URL","out/control-systems/interactive-flat-panel/lg-createboard-75in-4k-smart-classroom/index.html","301","https://sashabd.com/control-systems/interactive-flat-panel/lg-createboard-75in-4k-smart-classroom/ [301] -> https://sashabd.com/interactive-flat-panel/lg-createboard-75in-4k-smart-classroom/ | https://sashabd.com/interactive-flat-panel/lg-createboard-75in-4k-smart-classroom/ [200]","1","https://sashabd.com/interactive-flat-panel/lg-createboard-75in-4k-smart-classroom/","200","true","index, follow","","https://sashabd.com/interactive-flat-panel/lg-createboard-75in-4k-smart-classroom/","https://sashabd.com/interactive-flat-panel/lg-createboard-75in-4k-smart-classroom/","false","false","0","text/html","LG 75-inch Interactive Flat Panel – CreateBoard TR3DK Series","LG 75-inch Interactive Flat Panel – CreateBoard TR3DK Series","https://sashabd.com/interactive-flat-panel/lg-createboard-75in-4k-smart-classroom/","noindex, follow","Sasha Corporation","","INTENTIONAL REDIRECT","KEEP - VALID INTENTIONAL REDIRECT","HIGH",""
"https://sashabd.com/led-display/waterproof-outdoor-led-display","Crawled - currently not indexed","2026-06-01","LEGACY URL","out/led-display/waterproof-outdoor-led-display/index.html","301","https://sashabd.com/led-display/waterproof-outdoor-led-display [301] -> https://sashabd.com/led-display/waterproof-outdoor-led-display/ | https://sashabd.com/led-display/waterproof-outdoor-led-display/ [200]","1","https://sashabd.com/led-display/waterproof-outdoor-led-display/","200","true","index, follow | index, follow, max-video-preview:-1, max-image-preview:large, max-snippet:-1","","https://sashabd.com/led-display/waterproof-outdoor-led-display/","https://sashabd.com/led-display/waterproof-outdoor-led-display/","false","false","0","text/html","Waterproof Outdoor LED Display Bangladesh | Weatherproof","Waterproof Outdoor LED Display Bangladesh","https://sashabd.com/led-display/waterproof-outdoor-led-display/","index, follow | index, follow, max-video-preview:-1, max-image-preview:large, max-snippet:-1","Waterproof Outdoor LED Display Bangladesh | Weatherproof","Waterproof Outdoor LED Display Bangladesh","INTENTIONAL REDIRECT","KEEP - VALID INTENTIONAL REDIRECT","HIGH",""
"https://sashabd.com/blog-and-case-study/","Crawled - currently not indexed","2026-05-29","LEGACY URL","out/blog-and-case-study/index.html","301","https://sashabd.com/blog-and-case-study/ [301] -> https://sashabd.com/blog/ | https://sashabd.com/blog/ [200]","1","https://sashabd.com/blog/","200","true","index, follow | index, follow, max-video-preview:-1, max-image-preview:large, max-snippet:-1","","https://sashabd.com/blog/","https://sashabd.com/blog/","false","false","0","text/html","Blog","Blog","https://sashabd.com/blog/","noindex, follow","Sasha Corporation","","INTENTIONAL REDIRECT","KEEP - VALID INTENTIONAL REDIRECT","HIGH",""
"https://sashabd.com/products/accessories/controller/","Crawled - currently not indexed","2026-05-26","LEGACY URL","out/products/accessories/controller/index.html","301","https://sashabd.com/products/accessories/controller/ [301] -> https://sashabd.com/led-display/accessories/controller/ | https://sashabd.com/led-display/accessories/controller/ [200]","1","https://sashabd.com/led-display/accessories/controller/","200","true","index, follow | index, follow, max-video-preview:-1, max-image-preview:large, max-snippet:-1","","https://sashabd.com/led-display/accessories/controller/","https://sashabd.com/led-display/","false","false","0","text/html","LED Controller / Video Processor | Sasha Corporation","LED Controller / Video Processor","https://sashabd.com/led-display/","noindex, follow","Products | Sasha Corporation","","INTENTIONAL REDIRECT","KEEP - VALID INTENTIONAL REDIRECT","HIGH",""
"https://sashabd.com/products/accessories/receiving-card/","Crawled - currently not indexed","2026-05-25","LEGACY URL","out/products/accessories/receiving-card/index.html","301","https://sashabd.com/products/accessories/receiving-card/ [301] -> https://sashabd.com/led-display/accessories/receiving-card/ | https://sashabd.com/led-display/accessories/receiving-card/ [200]","1","https://sashabd.com/led-display/accessories/receiving-card/","200","true","index, follow | index, follow, max-video-preview:-1, max-image-preview:large, max-snippet:-1","","https://sashabd.com/led-display/accessories/receiving-card/","https://sashabd.com/led-display/","false","false","0","text/html","LED Display Receiving Card | Sasha Corporation","LED Display Receiving Card","https://sashabd.com/led-display/","noindex, follow","Products | Sasha Corporation","","INTENTIONAL REDIRECT","KEEP - VALID INTENTIONAL REDIRECT","HIGH",""
"https://sashabd.com/_next/static/media/ce62453a442c7f35-s.p.124b2306.woff2","Crawled - currently not indexed","2026-05-24","STATIC ASSET","NO GENERATED HTML ROUTE","200","https://sashabd.com/_next/static/media/ce62453a442c7f35-s.p.124b2306.woff2 [200]","0","https://sashabd.com/_next/static/media/ce62453a442c7f35-s.p.124b2306.woff2","200","true","","","","","false","false","174","font/woff2","","","","","","","SYSTEM/RESOURCE URL","NO PAGE-INDEXING ACTION REQUIRED","HIGH",""
"https://sashabd.com/search/","Crawled - currently not indexed","2026-05-10","HTML PAGE","out/search/index.html","200","https://sashabd.com/search/ [200]","0","https://sashabd.com/search/","200","true","noindex, follow","","","","false","false","3","text/html","Search","Search results","","noindex, follow","Search","Search results","NO","KEEP INTENTIONAL noindex, follow SEARCH RESULTS PAGE","HIGH",""
"https://sashabd.com/led-display/rental/p3-91-rental-led-display/","Crawled - currently not indexed","2026-05-08","LEGACY URL","out/led-display/rental/p3-91-rental-led-display/index.html","301","https://sashabd.com/led-display/rental/p3-91-rental-led-display/ [301] -> https://sashabd.com/led-display/rental-display/p3-91-rental-led-display/ | https://sashabd.com/led-display/rental-display/p3-91-rental-led-display/ [200]","1","https://sashabd.com/led-display/rental-display/p3-91-rental-led-display/","200","true","index, follow","","https://sashabd.com/led-display/rental-display/p3-91-rental-led-display/","","false","false","0","text/html","P3.91 Rental LED Screen","P3.91 Rental LED Display","","index, follow | index, follow, max-video-preview:-1, max-image-preview:large, max-snippet:-1","LED Display | Bangladesh","","INTENTIONAL REDIRECT","KEEP - VALID INTENTIONAL REDIRECT","HIGH",""
"https://sashabd.com/led-display","Redirect error","2026-03-28","LEGACY URL","out/led-display/index.html","301","https://sashabd.com/led-display [301] -> https://sashabd.com/led-display/ | https://sashabd.com/led-display/ [200]","1","https://sashabd.com/led-display/","200","true","index, follow | index, follow, max-video-preview:-1, max-image-preview:large, max-snippet:-1","","https://sashabd.com/led-display/","https://sashabd.com/led-display/","false","false","0","text/html","LED Display Price in Bangladesh 2026","LED Display Price in Bangladesh 2026","https://sashabd.com/led-display/","index, follow | index, follow, max-video-preview:-1, max-image-preview:large, max-snippet:-1","LED Display Price in Bangladesh 2026 | Sasha Corporation","LED Display Price in Bangladesh 2026","INTENTIONAL REDIRECT","RESOLVED - ONE PERMANENT REDIRECT TO THE 200 SELF-CANONICAL TRAILING-SLASH URL","HIGH",""
"https://sashabd.com/cdn-cgi/l/email-protection","Blocked by robots.txt","2026-07-22","SYSTEM URL","NO GENERATED HTML ROUTE","301","https://sashabd.com/cdn-cgi/l/email-protection [301] -> https://sashabd.com/cdn-cgi/l/email-protection/ | https://sashabd.com/cdn-cgi/l/email-protection/ [404]","1","https://sashabd.com/cdn-cgi/l/email-protection/","404","false","","","","","false","false","0","text/html","404 Not Found","404","","","","","SYSTEM/RESOURCE URL","KEEP BLOCKED - CLOUDFLARE SYSTEM ENDPOINT, NOT AN INDEXABLE PAGE","HIGH",""
"https://sashabd.com/control-systems/interactive-flat-panel/lg-ultra-96in-4k-interactive-board/","Duplicate, Google chose different canonical than user","2026-05-23","LEGACY URL","out/control-systems/interactive-flat-panel/lg-ultra-96in-4k-interactive-board/index.html","301","https://sashabd.com/control-systems/interactive-flat-panel/lg-ultra-96in-4k-interactive-board/ [301] -> https://sashabd.com/interactive-flat-panel/lg-ultra-96in-4k-interactive-board/ | https://sashabd.com/interactive-flat-panel/lg-ultra-96in-4k-interactive-board/ [200]","1","https://sashabd.com/interactive-flat-panel/lg-ultra-96in-4k-interactive-board/","200","true","index, follow","","https://sashabd.com/interactive-flat-panel/lg-ultra-96in-4k-interactive-board/","https://sashabd.com/interactive-flat-panel/lg-ultra-96in-4k-interactive-board/","false","false","0","text/html","LG 96-inch Interactive Flat Panel – CreateBoard Ultra Series","LG 96-inch Interactive Flat Panel – CreateBoard Ultra Series","https://sashabd.com/interactive-flat-panel/lg-ultra-96in-4k-interactive-board/","noindex, follow","Sasha Corporation","","INTENTIONAL REDIRECT","RESOLVED - ONE PERMANENT REDIRECT TO THE 200 SELF-CANONICAL PREFERRED URL","HIGH",""
"https://sashabd.com/control-systems/digital-podium/tender-based-custom-digital-podium-boq-compliant/","Duplicate, Google chose different canonical than user","2026-05-12","LEGACY URL","out/control-systems/digital-podium/tender-based-custom-digital-podium-boq-compliant/index.html","301","https://sashabd.com/control-systems/digital-podium/tender-based-custom-digital-podium-boq-compliant/ [301] -> https://sashabd.com/digital-podium/tender-based-custom-digital-podium-boq-compliant/ | https://sashabd.com/digital-podium/tender-based-custom-digital-podium-boq-compliant/ [200]","1","https://sashabd.com/digital-podium/tender-based-custom-digital-podium-boq-compliant/","200","true","index, follow","","https://sashabd.com/digital-podium/tender-based-custom-digital-podium-boq-compliant/","https://sashabd.com/digital-podium/tender-based-custom-digital-podium-boq-compliant/","false","false","0","text/html","Tender-Based Custom Digital Podium (BOQ Compliant)","Tender-Based Custom Digital Podium (BOQ Compliant)","https://sashabd.com/digital-podium/tender-based-custom-digital-podium-boq-compliant/","noindex, follow","Sasha Corporation","","INTENTIONAL REDIRECT","RESOLVED - ONE PERMANENT REDIRECT TO THE 200 SELF-CANONICAL PREFERRED URL","HIGH",""
"https://sashabd.com/control-systems/turnstile-gate-system/swing-barrier-speed-gate-turnstile/","Duplicate, Google chose different canonical than user","2026-05-09","LEGACY URL","out/control-systems/turnstile-gate-system/swing-barrier-speed-gate-turnstile/index.html","301","https://sashabd.com/control-systems/turnstile-gate-system/swing-barrier-speed-gate-turnstile/ [301] -> https://sashabd.com/turnstile-gate/swing-barrier-speed-gate-turnstile/ | https://sashabd.com/turnstile-gate/swing-barrier-speed-gate-turnstile/ [200]","1","https://sashabd.com/turnstile-gate/swing-barrier-speed-gate-turnstile/","200","true","index, follow","","https://sashabd.com/turnstile-gate/swing-barrier-speed-gate-turnstile/","https://sashabd.com/turnstile-gate/swing-barrier-speed-gate-turnstile/","false","false","0","text/html","DS2000 Swing Turnstile Gate Price in Bangladesh","DS2000 Swing Turnstile Gate Price in Bangladesh","https://sashabd.com/turnstile-gate/swing-barrier-speed-gate-turnstile/","noindex, follow","Sasha Corporation","","INTENTIONAL REDIRECT","RESOLVED - ONE PERMANENT REDIRECT TO THE 200 SELF-CANONICAL PREFERRED URL","HIGH",""
"https://sashabd.com/led-display/indoor/","Duplicate, Google chose different canonical than user","2026-04-07","LEGACY URL","out/led-display/indoor/index.html","301","https://sashabd.com/led-display/indoor/ [301] -> https://sashabd.com/led-display/indoor-led/ | https://sashabd.com/led-display/indoor-led/ [200]","1","https://sashabd.com/led-display/indoor-led/","200","true","index, follow | index, follow, max-video-preview:-1, max-image-preview:large, max-snippet:-1","","https://sashabd.com/led-display/indoor-led/","","false","false","0","text/html","Indoor LED Display Price in Bangladesh | Installation","Indoor LED Display Price in Bangladesh 2026","","index, follow | index, follow, max-video-preview:-1, max-image-preview:large, max-snippet:-1","LED Display | Bangladesh","","INTENTIONAL REDIRECT","RESOLVED - ONE PERMANENT REDIRECT TO THE 200 SELF-CANONICAL PREFERRED URL","HIGH",""
"https://sashabd.com/led-display/rental/","Duplicate, Google chose different canonical than user","2026-04-04","LEGACY URL","out/led-display/rental/index.html","301","https://sashabd.com/led-display/rental/ [301] -> https://sashabd.com/led-display/rental-display/ | https://sashabd.com/led-display/rental-display/ [200]","1","https://sashabd.com/led-display/rental-display/","200","true","index, follow | index, follow, max-video-preview:-1, max-image-preview:large, max-snippet:-1","","https://sashabd.com/led-display/rental-display/","","false","false","0","text/html","Rental LED Display in Bangladesh | Stage &amp; Concert LED","Rental LED Display in Bangladesh","","index, follow | index, follow, max-video-preview:-1, max-image-preview:large, max-snippet:-1","LED Display | Bangladesh","","INTENTIONAL REDIRECT","RESOLVED - ONE PERMANENT REDIRECT TO THE 200 SELF-CANONICAL PREFERRED URL","HIGH",""
